-- MySQL dump 10.13  Distrib 8.0.44, for Linux (x86_64)
--
-- Host: localhost    Database: hospitals_db
-- ------------------------------------------------------
-- Server version	8.0.44-0ubuntu0.22.04.1

/*!40101 SET @OLD_CHARACTER_SET_CLIENT=@@CHARACTER_SET_CLIENT */;
/*!40101 SET @OLD_CHARACTER_SET_RESULTS=@@CHARACTER_SET_RESULTS */;
/*!40101 SET @OLD_COLLATION_CONNECTION=@@COLLATION_CONNECTION */;
/*!50503 SET NAMES utf8mb4 */;
/*!40103 SET @OLD_TIME_ZONE=@@TIME_ZONE */;
/*!40103 SET TIME_ZONE='+00:00' */;
/*!40014 SET @OLD_UNIQUE_CHECKS=@@UNIQUE_CHECKS, UNIQUE_CHECKS=0 */;
/*!40014 SET @OLD_FOREIGN_KEY_CHECKS=@@FOREIGN_KEY_CHECKS, FOREIGN_KEY_CHECKS=0 */;
/*!40101 SET @OLD_SQL_MODE=@@SQL_MODE, SQL_MODE='NO_AUTO_VALUE_ON_ZERO' */;
/*!40111 SET @OLD_SQL_NOTES=@@SQL_NOTES, SQL_NOTES=0 */;

--
-- Table structure for table `appointments`
--

DROP TABLE IF EXISTS `appointments`;
/*!40101 SET @saved_cs_client     = @@character_set_client */;
/*!50503 SET character_set_client = utf8mb4 */;
CREATE TABLE `appointments` (
  `appointment_id` int NOT NULL,
  `appointment_date` date DEFAULT NULL,
  `patient_id` int DEFAULT NULL,
  `doctor_id` int DEFAULT NULL,
  PRIMARY KEY (`appointment_id`),
  KEY `patient_id` (`patient_id`),
  KEY `doctor_id` (`doctor_id`),
  CONSTRAINT `appointments_ibfk_1` FOREIGN KEY (`patient_id`) REFERENCES `patients` (`patient_id`),
  CONSTRAINT `appointments_ibfk_2` FOREIGN KEY (`doctor_id`) REFERENCES `doctors` (`doctor_id`)
) ENGINE=InnoDB DEFAULT CHARSET=utf8mb4 COLLATE=utf8mb4_0900_ai_ci;
/*!40101 SET character_set_client = @saved_cs_client */;

--
-- Dumping data for table `appointments`
--

LOCK TABLES `appointments` WRITE;
/*!40000 ALTER TABLE `appointments` DISABLE KEYS */;
INSERT INTO `appointments` VALUES (1,'2027-07-07',223,16),(2,'2026-07-07',220,74),(3,'2026-07-07',397,97),(4,'2026-07-07',424,24),(5,'2026-07-07',456,23),(6,'2026-07-07',211,7),(7,'2026-07-07',589,99),(8,'2027-07-07',62,80),(9,'2026-07-07',427,98),(10,'2026-07-07',500,99),(11,'2027-07-07',342,37),(12,'2027-07-07',473,50),(13,'2027-07-07',217,3),(14,'2026-07-07',320,29),(15,'2027-07-07',526,92),(16,'2027-07-07',402,6),(17,'2026-07-07',574,5),(18,'2027-07-07',46,78),(19,'2026-07-07',340,23),(20,'2026-07-07',201,23),(21,'2027-07-07',248,20),(22,'2026-07-07',590,65),(23,'2027-07-07',493,37),(24,'2027-07-07',285,97),(25,'2026-07-07',409,4),(26,'2026-07-07',33,36),(27,'2026-07-07',386,58),(28,'2027-07-07',23,47),(29,'2027-07-07',501,69),(30,'2027-07-07',112,98),(31,'2026-07-07',588,37),(32,'2027-07-07',492,40),(33,'2027-07-07',522,21),(34,'2026-07-07',291,10),(35,'2027-07-07',330,67),(36,'2026-07-07',252,76),(37,'2027-07-07',196,19),(38,'2027-07-07',528,74),(39,'2027-07-07',210,34),(40,'2027-07-07',61,17),(41,'2026-07-07',108,11),(42,'2027-07-07',117,100),(43,'2027-07-07',133,71),(44,'2027-07-07',458,56),(45,'2026-07-07',144,59),(46,'2026-07-07',286,9),(47,'2026-07-07',529,83),(48,'2026-07-07',110,49),(49,'2027-07-07',521,92),(50,'2026-07-07',419,41),(51,'2027-07-07',233,3),(52,'2027-07-07',355,36),(53,'2027-07-07',419,51),(54,'2026-07-07',139,12),(55,'2027-07-07',490,71),(56,'2026-07-07',219,37),(57,'2027-07-07',77,36),(58,'2026-07-07',363,99),(59,'2026-07-07',248,30),(60,'2027-07-07',23,99),(61,'2026-07-07',214,29),(62,'2026-07-07',366,69),(63,'2027-07-07',587,38),(64,'2027-07-07',390,13),(65,'2026-07-07',88,19),(66,'2027-07-07',420,87),(67,'2026-07-07',428,55),(68,'2026-07-07',390,13),(69,'2027-07-07',488,65),(70,'2026-07-07',64,67),(71,'2026-07-07',272,76),(72,'2026-07-07',359,19),(73,'2027-07-07',180,92),(74,'2026-07-07',256,11),(75,'2027-07-07',188,25),(76,'2027-07-07',535,66),(77,'2027-07-07',489,76),(78,'2026-07-07',506,96),(79,'2027-07-07',356,75),(80,'2026-07-07',307,16),(81,'2027-07-07',166,91),(82,'2026-07-07',470,81),(83,'2027-07-07',188,75),(84,'2026-07-07',294,84),(85,'2026-07-07',54,10),(86,'2026-07-07',508,69),(87,'2026-07-07',489,76),(88,'2027-07-07',150,33),(89,'2027-07-07',166,86),(90,'2026-07-07',33,57),(91,'2026-07-07',86,4),(92,'2026-07-07',461,15),(93,'2026-07-07',94,24),(94,'2026-07-07',236,15),(95,'2026-07-07',557,75),(96,'2027-07-07',194,7),(97,'2026-07-07',377,99),(98,'2027-07-07',422,51),(99,'2027-07-07',284,70),(100,'2026-07-07',324,80),(101,'2026-07-07',165,65),(102,'2026-07-07',525,99),(103,'2027-07-07',151,34),(104,'2026-07-07',102,53),(105,'2027-07-07',341,4),(106,'2027-07-07',597,96),(107,'2027-07-07',37,34),(108,'2027-07-07',251,41),(109,'2026-07-07',370,27),(110,'2026-07-07',350,62),(111,'2026-07-07',496,45),(112,'2026-07-07',295,37),(113,'2027-07-07',544,12),(114,'2026-07-07',147,14),(115,'2026-07-07',231,87),(116,'2027-07-07',595,62),(117,'2027-07-07',566,20),(118,'2027-07-07',242,31),(119,'2026-07-07',551,96),(120,'2027-07-07',558,67),(121,'2027-07-07',340,23),(122,'2027-07-07',40,83),(123,'2026-07-07',121,71),(124,'2026-07-07',538,77),(125,'2027-07-07',559,49),(126,'2026-07-07',459,31),(127,'2026-07-07',139,12),(128,'2026-07-07',489,76),(129,'2027-07-07',87,18),(130,'2027-07-07',200,78),(131,'2027-07-07',527,58),(132,'2027-07-07',209,57),(133,'2027-07-07',589,47),(134,'2027-07-07',53,17),(135,'2027-07-07',396,60),(136,'2027-07-07',317,84),(137,'2026-07-07',581,39),(138,'2026-07-07',547,38),(139,'2027-07-07',153,2),(140,'2026-07-07',453,21),(141,'2027-07-07',378,26),(142,'2027-07-07',537,58),(143,'2026-07-07',352,15),(144,'2026-07-07',34,99),(145,'2027-07-07',387,34),(146,'2027-07-07',204,54),(147,'2027-07-07',378,65),(148,'2026-07-07',412,10),(149,'2026-07-07',22,78),(150,'2027-07-07',600,20),(151,'2027-07-07',147,36),(152,'2026-07-07',115,1),(153,'2026-07-07',221,48),(154,'2026-07-07',232,77),(155,'2026-07-07',490,63),(156,'2027-07-07',222,11),(157,'2026-07-07',422,87),(158,'2026-07-07',14,6),(159,'2026-07-07',41,11),(160,'2026-07-07',259,12),(161,'2026-07-07',246,30),(162,'2026-07-07',240,57),(163,'2027-07-07',391,41),(164,'2027-07-07',117,9),(165,'2027-07-07',555,42),(166,'2026-07-07',52,98),(167,'2026-07-07',441,20),(168,'2027-07-07',561,62),(169,'2026-07-07',498,12),(170,'2027-07-07',111,4),(171,'2026-07-07',421,66),(172,'2026-07-07',250,70),(173,'2026-07-07',221,83),(174,'2026-07-07',276,33),(175,'2027-07-07',330,89),(176,'2026-07-07',508,7),(177,'2026-07-07',270,58),(178,'2026-07-07',75,28),(179,'2027-07-07',448,84),(180,'2027-07-07',567,68),(181,'2027-07-07',39,97),(182,'2026-07-07',581,89),(183,'2027-07-07',166,86),(184,'2027-07-07',339,22),(185,'2026-07-07',17,53),(186,'2027-07-07',233,73),(187,'2027-07-07',438,27),(188,'2027-07-07',553,11),(189,'2026-07-07',544,78),(190,'2027-07-07',459,24),(191,'2026-07-07',75,75),(192,'2027-07-07',541,46),(193,'2026-07-07',442,85),(194,'2026-07-07',508,98),(195,'2026-07-07',337,94),(196,'2027-07-07',548,66),(197,'2026-07-07',579,74),(198,'2026-07-07',566,32),(199,'2026-07-07',507,25),(200,'2026-07-07',293,33),(201,'2027-07-07',504,9),(202,'2026-07-07',263,9),(203,'2027-07-07',263,33),(204,'2027-07-07',519,34),(205,'2026-07-07',423,12),(206,'2027-07-07',537,62),(207,'2027-07-07',222,1),(208,'2027-07-07',431,49),(209,'2026-07-07',335,5),(210,'2027-07-07',422,5),(211,'2026-07-07',239,13),(212,'2026-07-07',248,26),(213,'2027-07-07',557,58),(214,'2026-07-07',17,88),(215,'2027-07-07',146,22),(216,'2027-07-07',508,85),(217,'2026-07-07',370,39),(218,'2026-07-07',58,22),(219,'2026-07-07',179,68),(220,'2027-07-07',395,17),(221,'2026-07-07',259,70),(222,'2026-07-07',242,93),(223,'2027-07-07',409,33),(224,'2026-07-07',288,99),(225,'2026-07-07',254,28),(226,'2026-07-07',532,82),(227,'2027-07-07',8,28),(228,'2026-07-07',7,81),(229,'2027-07-07',54,82),(230,'2027-07-07',578,87),(231,'2027-07-07',392,1),(232,'2026-07-07',65,48),(233,'2026-07-07',515,4),(234,'2026-07-07',464,6),(235,'2026-07-07',248,39),(236,'2027-07-07',329,21),(237,'2027-07-07',264,85),(238,'2027-07-07',242,93),(239,'2026-07-07',144,92),(240,'2026-07-07',107,37),(241,'2026-07-07',538,68),(242,'2026-07-07',385,25),(243,'2027-07-07',9,10),(244,'2027-07-07',296,48),(245,'2027-07-07',39,71),(246,'2027-07-07',139,21),(247,'2026-07-07',589,100),(248,'2027-07-07',154,97),(249,'2027-07-07',239,21),(250,'2026-07-07',272,66),(251,'2026-07-07',60,50),(252,'2026-07-07',366,4),(253,'2026-07-07',318,91),(254,'2027-07-07',176,95),(255,'2026-07-07',149,42),(256,'2027-07-07',172,53),(257,'2026-07-07',194,98),(258,'2027-07-07',30,72),(259,'2026-07-07',475,42),(260,'2026-07-07',235,15),(261,'2026-07-07',35,21),(262,'2027-07-07',200,18),(263,'2026-07-07',421,50),(264,'2027-07-07',58,46),(265,'2026-07-07',304,12),(266,'2026-07-07',334,4),(267,'2027-07-07',103,61),(268,'2026-07-07',540,84),(269,'2027-07-07',250,13),(270,'2026-07-07',393,15),(271,'2027-07-07',477,39),(272,'2026-07-07',556,18),(273,'2026-07-07',262,54),(274,'2026-07-07',354,19),(275,'2027-07-07',357,96),(276,'2026-07-07',97,45),(277,'2027-07-07',134,46),(278,'2026-07-07',93,94),(279,'2027-07-07',174,68),(280,'2026-07-07',139,78),(281,'2026-07-07',200,78),(282,'2026-07-07',550,92),(283,'2026-07-07',400,93),(284,'2027-07-07',124,100),(285,'2026-07-07',102,37),(286,'2026-07-07',522,96),(287,'2026-07-07',237,99),(288,'2027-07-07',224,69),(289,'2027-07-07',341,100),(290,'2026-07-07',278,92),(291,'2027-07-07',491,9),(292,'2027-07-07',276,49),(293,'2026-07-07',79,65),(294,'2027-07-07',251,87),(295,'2026-07-07',127,63),(296,'2027-07-07',353,69),(297,'2027-07-07',442,57),(298,'2027-07-07',159,51),(299,'2026-07-07',492,18),(300,'2026-07-07',519,47),(301,'2026-07-07',195,87),(302,'2026-07-07',354,96),(303,'2027-07-07',326,99),(304,'2026-07-07',268,32),(305,'2027-07-07',587,87),(306,'2027-07-07',307,16),(307,'2027-07-07',142,57),(308,'2026-07-07',151,69),(309,'2026-07-07',392,29),(310,'2026-07-07',389,76),(311,'2026-07-07',323,18),(312,'2026-07-07',50,15),(313,'2027-07-07',87,78),(314,'2026-07-07',407,81),(315,'2026-07-07',117,54),(316,'2027-07-07',9,82),(317,'2026-07-07',69,20),(318,'2027-07-07',503,42),(319,'2026-07-07',469,90),(320,'2027-07-07',46,52),(321,'2027-07-07',460,98),(322,'2027-07-07',28,88),(323,'2026-07-07',263,54),(324,'2027-07-07',414,87),(325,'2027-07-07',550,92),(326,'2026-07-07',14,32),(327,'2027-07-07',356,11),(328,'2026-07-07',22,18),(329,'2026-07-07',186,35),(330,'2026-07-07',468,42),(331,'2026-07-07',515,33),(332,'2026-07-07',159,51),(333,'2026-07-07',415,40),(334,'2027-07-07',286,33),(335,'2026-07-07',201,44),(336,'2027-07-07',337,25),(337,'2026-07-07',8,62),(338,'2026-07-07',319,28),(339,'2026-07-07',598,20),(340,'2026-07-07',239,96),(341,'2026-07-07',491,54),(342,'2027-07-07',275,79),(343,'2026-07-07',238,2),(344,'2027-07-07',488,26),(345,'2027-07-07',118,54),(346,'2027-07-07',132,64),(347,'2026-07-07',86,49),(348,'2026-07-07',110,57),(349,'2027-07-07',401,76),(350,'2027-07-07',285,11),(351,'2027-07-07',69,90),(352,'2027-07-07',310,88),(353,'2026-07-07',305,72),(354,'2027-07-07',209,7),(355,'2027-07-07',308,44),(356,'2027-07-07',167,49),(357,'2027-07-07',478,65),(358,'2027-07-07',463,9),(359,'2027-07-07',265,23),(360,'2026-07-07',376,63),(361,'2027-07-07',46,21),(362,'2027-07-07',44,36),(363,'2027-07-07',508,99),(364,'2027-07-07',303,30),(365,'2026-07-07',11,5),(366,'2026-07-07',587,3),(367,'2027-07-07',260,96),(368,'2027-07-07',275,66),(369,'2027-07-07',487,35),(370,'2026-07-07',431,36),(371,'2026-07-07',591,37),(372,'2027-07-07',181,84),(373,'2026-07-07',503,1),(374,'2027-07-07',598,27),(375,'2027-07-07',573,29),(376,'2027-07-07',362,44),(377,'2027-07-07',318,62),(378,'2026-07-07',342,2),(379,'2027-07-07',88,84),(380,'2027-07-07',113,42),(381,'2026-07-07',251,45),(382,'2027-07-07',247,27),(383,'2027-07-07',579,74),(384,'2027-07-07',42,59),(385,'2027-07-07',360,10),(386,'2026-07-07',52,85),(387,'2027-07-07',469,6),(388,'2027-07-07',547,95),(389,'2027-07-07',35,19),(390,'2027-07-07',500,57),(391,'2027-07-07',79,6),(392,'2026-07-07',36,36),(393,'2027-07-07',343,33),(394,'2026-07-07',567,94),(395,'2026-07-07',143,90),(396,'2026-07-07',363,98),(397,'2026-07-07',170,29),(398,'2027-07-07',518,67),(399,'2027-07-07',206,34),(400,'2026-07-07',188,29),(401,'2026-07-07',454,28),(402,'2027-07-07',9,82),(403,'2027-07-07',378,39),(404,'2026-07-07',498,84),(405,'2027-07-07',157,17),(406,'2026-07-07',332,63),(407,'2026-07-07',567,58),(408,'2027-07-07',434,11),(409,'2026-07-07',497,66),(410,'2027-07-07',229,92),(411,'2027-07-07',199,26),(412,'2027-07-07',37,100),(413,'2027-07-07',25,73),(414,'2026-07-07',271,7),(415,'2026-07-07',373,79),(416,'2027-07-07',97,87),(417,'2026-07-07',383,45),(418,'2027-07-07',362,16),(419,'2026-07-07',127,68),(420,'2026-07-07',402,90),(421,'2027-07-07',390,84),(422,'2026-07-07',328,80),(423,'2026-07-07',520,54),(424,'2027-07-07',572,66),(425,'2027-07-07',106,96),(426,'2027-07-07',437,81),(427,'2026-07-07',118,9),(428,'2026-07-07',113,91),(429,'2027-07-07',80,90),(430,'2027-07-07',346,44),(431,'2026-07-07',306,43),(432,'2026-07-07',340,16),(433,'2026-07-07',554,24),(434,'2027-07-07',66,24),(435,'2026-07-07',539,53),(436,'2026-07-07',109,59),(437,'2027-07-07',26,68),(438,'2026-07-07',25,22),(439,'2026-07-07',357,12),(440,'2026-07-07',195,48),(441,'2026-07-07',298,63),(442,'2027-07-07',62,65),(443,'2026-07-07',104,10),(444,'2027-07-07',267,56),(445,'2026-07-07',590,55),(446,'2026-07-07',165,89),(447,'2027-07-07',122,93),(448,'2027-07-07',162,77),(449,'2026-07-07',258,17),(450,'2026-07-07',513,18),(451,'2026-07-07',237,85),(452,'2026-07-07',224,57),(453,'2026-07-07',550,37),(454,'2026-07-07',266,10),(455,'2027-07-07',64,30),(456,'2026-07-07',331,96),(457,'2026-07-07',264,34),(458,'2027-07-07',124,14),(459,'2027-07-07',85,81),(460,'2026-07-07',373,79),(461,'2027-07-07',210,4),(462,'2027-07-07',433,66),(463,'2027-07-07',18,26),(464,'2026-07-07',427,49),(465,'2026-07-07',73,55),(466,'2027-07-07',191,13),(467,'2027-07-07',178,64),(468,'2027-07-07',208,54),(469,'2027-07-07',70,42),(470,'2026-07-07',86,36),(471,'2026-07-07',225,17),(472,'2026-07-07',279,23),(473,'2026-07-07',250,18),(474,'2026-07-07',355,4),(475,'2026-07-07',507,28),(476,'2026-07-07',119,63),(477,'2026-07-07',519,99),(478,'2027-07-07',57,92),(479,'2026-07-07',583,98),(480,'2026-07-07',399,9),(481,'2026-07-07',504,4),(482,'2027-07-07',454,11),(483,'2026-07-07',463,98),(484,'2027-07-07',364,31),(485,'2026-07-07',399,99),(486,'2027-07-07',467,89),(487,'2027-07-07',393,51),(488,'2026-07-07',325,59),(489,'2027-07-07',305,56),(490,'2026-07-07',221,38),(491,'2026-07-07',351,88),(492,'2027-07-07',340,16),(493,'2026-07-07',487,20),(494,'2026-07-07',291,10),(495,'2027-07-07',373,60),(496,'2027-07-07',75,29),(497,'2026-07-07',551,40),(498,'2027-07-07',528,58),(499,'2026-07-07',423,13),(500,'2027-07-07',526,88);
/*!40000 ALTER TABLE `appointments` ENABLE KEYS */;
UNLOCK TABLES;

--
-- Table structure for table `diseases`
--

DROP TABLE IF EXISTS `diseases`;
/*!40101 SET @saved_cs_client     = @@character_set_client */;
/*!50503 SET character_set_client = utf8mb4 */;
CREATE TABLE `diseases` (
  `disease_id` int NOT NULL,
  `disease_name` varchar(150) DEFAULT NULL,
  PRIMARY KEY (`disease_id`)
) ENGINE=InnoDB DEFAULT CHARSET=utf8mb4 COLLATE=utf8mb4_0900_ai_ci;
/*!40101 SET character_set_client = @saved_cs_client */;

--
-- Dumping data for table `diseases`
--

LOCK TABLES `diseases` WRITE;
/*!40000 ALTER TABLE `diseases` DISABLE KEYS */;
INSERT INTO `diseases` VALUES (1,'Anxiety disorder'),(2,'Atrial fibrillation'),(3,'Bowel cancer'),(4,'Chronic kidney disease'),(5,'Chronic pain'),(6,'Chronic obstructive pulmonary disease'),(7,'Major depressive disorder'),(8,'Heart failure'),(9,'Lung cancer'),(10,'Type 2 diabetes');
/*!40000 ALTER TABLE `diseases` ENABLE KEYS */;
UNLOCK TABLES;

--
-- Table structure for table `doctors`
--

DROP TABLE IF EXISTS `doctors`;
/*!40101 SET @saved_cs_client     = @@character_set_client */;
/*!50503 SET character_set_client = utf8mb4 */;
CREATE TABLE `doctors` (
  `doctor_id` int NOT NULL,
  `doctor_name` varchar(150) DEFAULT NULL,
  `doctor_dob` date DEFAULT NULL,
  `doctor_address` varchar(150) DEFAULT NULL,
  `hospital_id` int DEFAULT NULL,
  `disease_id` int DEFAULT NULL,
  PRIMARY KEY (`doctor_id`),
  KEY `hospital_id` (`hospital_id`),
  KEY `disease_id` (`disease_id`),
  CONSTRAINT `doctors_ibfk_1` FOREIGN KEY (`hospital_id`) REFERENCES `hospitals` (`hospital_id`),
  CONSTRAINT `doctors_ibfk_2` FOREIGN KEY (`disease_id`) REFERENCES `diseases` (`disease_id`)
) ENGINE=InnoDB DEFAULT CHARSET=utf8mb4 COLLATE=utf8mb4_0900_ai_ci;
/*!40101 SET character_set_client = @saved_cs_client */;

--
-- Dumping data for table `doctors`
--

LOCK TABLES `doctors` WRITE;
/*!40000 ALTER TABLE `doctors` DISABLE KEYS */;
INSERT INTO `doctors` VALUES (1,'Dr. Kora Kelmendi','1975-07-12','37 Main Street, Bristol BS10 5LQ',7,6),(2,'Dr. Dmytro Thy','1958-01-25','66 The Drive, Lambeth SW9 7RE',23,10),(3,'Dr. Peter Tep','1991-04-01','30 Highfield Road, Garston L24 9LA',14,6),(4,'Dr. Lara Valverde','1956-03-14','49 Edward Street, Thornaby TS17 2UG',10,4),(5,'Dr. Prem Perković','1954-11-13','8 Queen\'s Road, Kirkby Stephen CA17 5BP',26,10),(6,'Dr. Alexander Iskakov','1964-05-29','13 Highfield Road, Barrow-Upon-Humber DN19 0QQ',37,5),(7,'Dr. Lili Suleimenov','1980-08-01','14 Park Road, Belford NE70 1XW',31,9),(8,'Dr. María Salazar','1977-06-23','96 New Road, Weare BS26 1NE',3,1),(9,'Dr. Jack Mägi','1995-01-01','14 School Lane, Wansbeck NE63 2RA',18,1),(10,'Dr. Dmitry Ngọ','1985-11-01','59 Green Lane, Barking RM9 8RW',22,3),(11,'Dr. Florence Vũ/Võ','1966-09-12','86 Brook Street, St Teath PL33 9WX',30,9),(12,'Dr. Kajus Kang','1967-02-09','61 Station Approach, West Molesey KT8 8XH',6,7),(13,'Dr. Ximena Mizrachi','1991-11-05','71 Grange Road, Bicester OX6 4SQ',6,2),(14,'Dr. Mykhaylo Fischer','1995-06-09','45 The Grove, Lcp Stanhope and Wolsingham Parishes And DL14 5XD',28,9),(15,'Dr. Turki Maeda','1957-04-17','69 Manor Close, Lancaster LA4 6TT',12,10),(16,'Dr. Anastasia Franco','1986-01-04','69 Grange Road, Hurst Green B63 2EX',35,1),(17,'Dr. Asja Song','1956-01-13','99 King Street, Southport L21 6WW',14,7),(18,'Dr. İnci Todorova','1982-06-28','18 The Square, Rochester ME1 0YA',25,5),(19,'Dr. Elif Rossi','1988-06-14','89 Hall Lane, Reigate and Banstead RH1 7NL',6,2),(20,'Dr. Lile Kļaviņš','1984-04-05','85 Mill Lane, Queensbury BD9 1QH',37,10),(21,'Dr. Vasileios Jönsson','1977-03-17','35 Manor Close, Thatcham RG19 0JB',6,7),(22,'Dr. Ayoub Özdemir','1960-08-12','15 Main Street, Pemberton WN6 0SN',14,2),(23,'Dr. Raphael Rosas','1978-07-26','9 Queen\'s Road, Wasperton CV35 4GE',35,8),(24,'Dr. Bintou Zukić','1998-12-08','30 The Crescent, Ipswich IP2 7QD',34,5),(25,'Dr. Leyla Sasaki','1961-06-29','40 The Croft, Trowbridge BA14 6BU',20,6),(26,'Dr. Ju-won Chu','1974-05-21','21 Church View, Driffield YO25 6EY',5,6),(27,'Dr. Mohammad Shala','1981-08-06','8 Park Street, Micklefield LS25 3AG',39,7),(28,'Dr. Jakob Palma','1965-09-03','46 Green Lane, Isles of Scilly TR25 2YP',40,6),(29,'Dr. Matej Maldonado','1961-04-21','34 The Meadows, Chipping Campden GL55 0JH',7,8),(30,'Dr. Anna Urbonienė','1959-06-18','79 Market Street, Barton-Upon-Humber DN18 0UR',37,5),(31,'Dr. Anzu Němec','1957-02-16','53 William Street, West Acre PE32 5NP',34,8),(32,'Dr. Farrah Jakobsson','1989-07-11','64 Chapel Street, Scarborough YO12 5NP',27,4),(33,'Dr. Seo-yun Iwasaki','1973-11-21','28 East Street, Loftus TS13 4JH',28,8),(34,'Dr. Gilli Dam','1995-07-26','1 Church Hill, Grindon TS22 7PX',31,3),(35,'Dr. Willow Karlsen','1983-07-28','1 Main Street, Todwick S26 1UH',37,9),(36,'Dr. Ya-ting Reyes','1975-05-24','27 John Street, Blyth NE24 9ST',18,7),(37,'Dr. Sara Chén','1975-12-07','70 Market Place, Greenwich SE3 6PR',33,4),(38,'Dr. Ali Jensen','1987-02-11','7 West Street, Preston PR1 0LQ',9,7),(39,'Dr. Malak Müller','1972-07-04','90 Albert Road, Wheldrake YO19 2YY',39,6),(40,'Dr. Malak Takeuchi','1966-11-06','58 Park View, Littlehampton BN17 6UP',16,8),(41,'Dr. Kairo Savchenko','1999-09-27','48 Willow Close, Whitehaven CA28 1PQ',13,4),(42,'Dr. Varvara Karunaratne','1991-05-03','83 Ash Grove, Dulverton TA22 4GB',21,4),(43,'Dr. Emir García','1999-06-15','75 The Drive, Accrington BB6 2RE',12,6),(44,'Dr. Sophia Rojas','1969-12-10','98 Mount Pleasant, Stafford ST16 0EQ',35,7),(45,'Dr. Göktug Mayr','1953-01-26','56 Alexandra Road, Birkenhead CH46 4FH',4,7),(46,'Dr. Victoria Krūmiņš','1978-10-10','100 Station Road, Runcorn WA8 2EB',4,6),(47,'Dr. Isabel Bustos','1959-02-17','6 North Street, Stocksfield NE43 4HR',28,9),(48,'Dr. Nikolaos Mikeladze','1989-06-24','59 The Avenue, Ringway M90 7PQ',13,4),(49,'Dr. Gogo Lín','1974-08-01','15 Long Lane, Stanhope DL13 6JS',10,5),(50,'Dr. Eliška Nieminen','1984-05-12','48 Charles Street, Kettering NN15 5GN',38,10),(51,'Dr. Titaina Božić','1951-10-17','58 Wood Lane, Northwich CW9 2ST',12,3),(52,'Dr. Siti Gouw','1984-08-08','81 Rectory Lane, Havant PO9 4GL',16,5),(53,'Dr. Miguel De Los Santos','1967-04-22','9 The Spinney, Kensington W10 6YE',33,7),(54,'Dr. Fernanda Castillo','1955-07-06','59 Main Street, Trimdon TS29 6UY',32,1),(55,'Dr. Elizaveta Svobodová','1990-08-16','11 Park View, Thorne DN8 9FU',27,7),(56,'Dr. Sofía Saar','1953-12-01','14 Victoria Street, St Bees CA27 6BZ',26,9),(57,'Dr. Mio Cruz','1995-06-01','12 Hall Lane, Redcar TS6 2ZB',28,7),(58,'Dr. Maddi Gallagher','1974-05-11','78 Station Road, Clutton BS39 7TQ',20,9),(59,'Dr. Ivana Bird','1958-07-20','13 Church Close, Camden Town WC2H 4NR',33,5),(60,'Dr. Malthe Herath','1957-01-08','85 Church Street, Dunston LN4 5XJ',38,10),(61,'Dr. Theo Muñoz','1980-07-05','5 The Street, Yafforth DL7 1YU',5,6),(62,'Dr. Noah Yamada','1989-09-19','21 Market Place, Long Ashton BS41 4FH',29,3),(63,'Dr. Abdulrahman Kumar','1952-12-02','74 Church View, Yealmpton PL8 5YF',21,1),(64,'Dr. Emily Turunen','1992-08-22','43 Cross Street, Wetherby LS22 0WZ',5,5),(65,'Dr. Ava Sohn','1952-10-22','48 Windsor Road, Grimston LS24 6SW',39,6),(66,'Dr. Arthur Szabó','1950-01-26','73 Chestnut Avenue, Lowdham NG14 5HU',38,9),(67,'Dr. Máté Márquez','1989-09-04','51 Station Road, Norton S11 5WU',8,9),(68,'Dr. Halim Edri','1977-11-12','66 John Street, St Teath PL33 8FP',29,4),(69,'Dr. Eva Teo','1971-06-20','98 Queensway, Chester-le-Street DH2 3XP',31,2),(70,'Dr. Jelena van Dijk','1980-12-15','18 Sandy Lane, Thatcham RG19 5AH',16,7),(71,'Dr. Omar Ramírez','1959-01-17','59 Albert Road, St Mewan PL26 2DA',3,10),(72,'Dr. Charlie Lîm','1992-11-08','47 Queen\'s Road, Pemberton WN6 9AF',19,8),(73,'Dr. Sunita Valente','1957-12-08','3 Park Avenue, Ashton-under-Lyne OL6 7RB',14,9),(74,'Dr. Thomas Seo','1967-07-19','57 The Green, Bishops Nympton EX36 0JR',21,2),(75,'Dr. William Marques','1988-08-19','38 The Croft, Tregoney TR2 0FD',29,3),(76,'Dr. Emiliya Mamedovi','1989-05-01','92 The Crescent, Carlton in Lindrick S81 6NN',38,6),(77,'Dr. Ahmed Mao','1955-05-22','74 Beech Avenue, Isles of Scilly TR22 6XP',30,4),(78,'Dr. Ariana Murat','1971-11-11','32 Springfield Road, Bembridge PO35 5JE',2,9),(79,'Dr. Muhammed López','1989-04-08','57 Church Street, Alford LN13 8YE',38,8),(80,'Dr. Willow Morales','1970-06-10','7 York Road, Halifax HD6 0JE',37,2),(81,'Dr. Leo Pino','1954-10-05','25 Water Lane, Boroughbridge YO51 6HZ',39,9),(82,'Dr. Sara Bai','1963-01-21','8 Church Hill, Croydon CR8 1XT',23,2),(83,'Dr. Santiago Kılıç','1987-03-08','22 Wood Lane, Cleator Moor CA25 2LA',9,10),(84,'Dr. Artiom Përmeti','1952-04-03','77 Manor Road, Yalding TN12 0QN',6,9),(85,'Dr. Mia Pereyra','1950-09-30','1 North Street, Skelton TS12 5ZH',32,4),(86,'Dr. Nur Santos','1961-10-17','99 London Road, Trowbridge BA14 8FX',20,9),(87,'Dr. Míngzé O\'Ryan','1993-12-08','63 School Lane, Dalton Town with Newton LA15 3PP',13,3),(88,'Dr. Aarav Benítez','1972-04-10','33 Chestnut Close, Greenwich SE3 9HG',23,10),(89,'Dr. Noah Nguyen','1986-04-07','66 Church Street, Boroughbridge YO51 1EE',27,3),(90,'Dr. Julia Pavlov','1986-06-05','52 James Street, Norton S8 2HW',15,6),(91,'Dr. Hana Brunner','1969-11-13','48 Green Lane, Stonehouse GL10 5XF',29,5),(92,'Dr. Aylin Jakobsson','1990-02-09','54 Hill Street, Barnet NW7 6UF',23,3),(93,'Dr. Willow Markovski','1951-04-09','29 Charles Street, St Albans AL1 6BR',34,3),(94,'Dr. Susanna Reuter','1999-07-16','44 Wood Street, Bovey Tracey TQ13 5LF',29,3),(95,'Dr. Pari Moreno','1979-05-07','96 Orchard Close, Windermere LA23 7FA',19,7),(96,'Dr. Zoran Díaz','1958-11-20','87 School Road, Marcham OX13 4EZ',6,5),(97,'Dr. Haruma Phạm','1999-06-23','67 The Crescent, Coleford GL16 5UG',30,4),(98,'Dr. Angeliki Peeters','1965-06-21','99 Albert Road, Esh DH7 2EE',31,6),(99,'Dr. Jakob Prifti','1963-05-12','37 George Street, Kirklevington TS15 6UF',28,5),(100,'Dr. Ali Imai','1968-08-12','87 Queensway, Egglescliffe TS16 6TW',11,10);
/*!40000 ALTER TABLE `doctors` ENABLE KEYS */;
UNLOCK TABLES;

--
-- Table structure for table `hospitals`
--

DROP TABLE IF EXISTS `hospitals`;
/*!40101 SET @saved_cs_client     = @@character_set_client */;
/*!50503 SET character_set_client = utf8mb4 */;
CREATE TABLE `hospitals` (
  `hospital_id` int NOT NULL,
  `hospital_name` varchar(150) DEFAULT NULL,
  `hospital_address` varchar(150) DEFAULT NULL,
  `no_of_beds` int DEFAULT NULL,
  `hospital_type` varchar(20) DEFAULT NULL,
  `emergency_services` varchar(10) DEFAULT NULL,
  `accreditation_year` int DEFAULT NULL,
  PRIMARY KEY (`hospital_id`)
) ENGINE=InnoDB DEFAULT CHARSET=utf8mb4 COLLATE=utf8mb4_0900_ai_ci;
/*!40101 SET character_set_client = @saved_cs_client */;

--
-- Dumping data for table `hospitals`
--

LOCK TABLES `hospitals` WRITE;
/*!40000 ALTER TABLE `hospitals` DISABLE KEYS */;
INSERT INTO `hospitals` VALUES (1,'Leighton Hospital','Leighton, Crewe CW1 4QJ',495,'General','Yes',2024),(2,'Darent Valley Hospital','Darenth Wood Road, Dartford DA2 8DA',534,'General','Yes',2022),(3,'Cheltenham General Hospital','Sandford Road, Cheltenham GL53 7AN',857,'General','Yes',2025),(4,'Tameside General Hospital','Fountain Street, Ashton-under-Lyne OL6 9RW',420,'General','Yes',2025),(5,'Hull Royal Infirmary','Anlaby Road, Hull HU3 2JZ',1136,'Teaching','Yes',2025),(6,'Worthing Hospital','Lyndhurst Road, Worthing BN11 2DH',1832,'Teaching','Yes',2025),(7,'Dorset County Hospital','Williams Avenue, Dorchester DT1 2JY',320,'General','Yes',2025),(8,'Diana Princess of Wales Hospital','Scartho Road, Grimsby DN33 2BA',608,'General','Yes',2022),(9,'Arrowe Park Hospital','Arrowe Park Road, Wirral CH49 5PE',775,'Teaching','Yes',2025),(10,'Queen Elizabeth Hospital','Sheriff Hill, Gateshead NE9 6SX',430,'General','Yes',2023),(11,'Freeman Hospital','Freeman Road, Newcastle Upon Tyne NE7 7DN',1428,'Teaching','Yes',2024),(12,'Warrington Hospital','Lovely Lane, Warrington WA5 1QG',562,'Teaching','Yes',2024),(13,'Whiston Hospital','Warrington Road, Prescot L35 5DR',1198,'Teaching','Yes',2025),(14,'Westmorland General Hospital','Burton Road, Kendal LA9 7RG',595,'Teaching','Yes',2013),(15,'Northern General Hospital','Herries Road, Sheffield S5 7AU',1468,'Teaching','Yes',2022),(16,'Royal Berkshire Hospital','London Road, Reading RG1 5AN',565,'General','Yes',2024),(17,'Worcestershire Royal Hospital','Charles Hastings Way, Worcester WR5 1DD',878,'General','Yes',2025),(18,'Darlington Memorial Hospital','Hollyhurst Road, Darlington DL3 6HX',862,'General','Yes',2025),(19,'Royal Albert Edward Infirmary','Wigan Lane, Wigan WN1 2NN',444,'General','Yes',2024),(20,'Torbay Hospital','Newton Road, Torquay TQ2 7AA',401,'General','Yes',2014),(21,'Great Western Hospital','Marlborough Road, Swindon SN3 6BB',558,'General','Yes',2025),(22,'University Hospital Lewisham','Lewisham High Street, London SE13 6LH',961,'General','Yes',2024),(23,'Northwick Park Hospital','Watford Road, Harrow HA1 3UJ',1070,'Teaching','Yes',2022),(24,'New Cross Hospital','Wolverhampton Road, Wolverhampton WV10 0QP',812,'General','Yes',2025),(25,'Amersham Hospital','Whielden Street, Amersham HP7 0JD',396,'General','Yes',2013),(26,'Royal Blackburn Hospital','Haslingden Road, Blackburn BB2 3HH',762,'General','Yes',2010),(27,'Harrogate District Hospital','Lancaster Park Road, Harrogate HG2 7SX',303,'General','Yes',2023),(28,'North Tyneside General Hospital','Rake Lane, North Shields NE29 8NH',844,'General','Yes',2019),(29,'Royal Cornwall Hospital','Treliske, Truro TR1 3LJ',644,'General','Yes',2025),(30,'Derriford Hospital','Derriford Road, Plymouth PL6 8DH',1038,'Teaching','Yes',2025),(31,'University Hospital of Hartlepool','Holdforth Road, Hartlepool TS24 9AH',507,'General','Yes',2022),(32,'Sunderland Royal Hospital','Kayll Road, Sunderland SR4 7TP',1131,'General','Yes',2023),(33,'St Thomas\' Hospital','Westminster Bridge Road, London SE1 7EH',1213,'Teaching','Yes',2022),(34,'West Suffolk Hospital','Hardwick Lane, Bury St. Edmunds IP33 2QZ',460,'General','Yes',2021),(35,'Russells Hall Hospital','Pensnett Road, Dudley DY1 2HQ',648,'General','Yes',2023),(36,'Liverpool Women\'s Hospital','Crown Street, Liverpool L8 7SS',24,'Specialist','No',2025),(37,'Airedale General Hospital','Skipton Road, Keighley BD20 6TD',365,'General','Yes',2023),(38,'Leicester Royal Infirmary','Infirmary Square, Leicester LE1 5WW',1800,'Teaching','Yes',2024),(39,'Bradford Royal Infirmary','Duckworth Lane, Bradford BD9 6RJ',612,'Teaching','Yes',2024),(40,'Southmead Hospital','Southmead Road, Bristol BS10 5NB',948,'General','Yes',2024);
/*!40000 ALTER TABLE `hospitals` ENABLE KEYS */;
UNLOCK TABLES;

--
-- Table structure for table `lab_results`
--

DROP TABLE IF EXISTS `lab_results`;
/*!40101 SET @saved_cs_client     = @@character_set_client */;
/*!50503 SET character_set_client = utf8mb4 */;
CREATE TABLE `lab_results` (
  `lab_result_id` int NOT NULL,
  `test_date` date DEFAULT NULL,
  `test_type` varchar(150) DEFAULT NULL,
  `test_result` varchar(150) DEFAULT NULL,
  `patient_id` int DEFAULT NULL,
  `doctor_id` int DEFAULT NULL,
  PRIMARY KEY (`lab_result_id`),
  KEY `patient_id` (`patient_id`),
  KEY `doctor_id` (`doctor_id`),
  CONSTRAINT `lab_results_ibfk_1` FOREIGN KEY (`patient_id`) REFERENCES `patients` (`patient_id`),
  CONSTRAINT `lab_results_ibfk_2` FOREIGN KEY (`doctor_id`) REFERENCES `doctors` (`doctor_id`)
) ENGINE=InnoDB DEFAULT CHARSET=utf8mb4 COLLATE=utf8mb4_0900_ai_ci;
/*!40101 SET character_set_client = @saved_cs_client */;

--
-- Dumping data for table `lab_results`
--

LOCK TABLES `lab_results` WRITE;
/*!40000 ALTER TABLE `lab_results` DISABLE KEYS */;
INSERT INTO `lab_results` VALUES (1,'2024-01-04','Blood Test: Alkaline Phosphatase','145 IU/L',382,5),(2,'2024-06-13','Blood Test: Red Blood Cell Count','3 x 10^12/L',54,2),(3,'2024-01-13','Blood Test: Creatinine','70 umol/L',561,11),(4,'2024-12-05','Blood Test: Iron','25 umol/L',237,100),(5,'2024-01-05','Blood Test: Lymphocytes','2.3 x 10^9/L',230,41),(6,'2024-09-04','Blood Test: Haemoglobin','52 g/L',433,60),(7,'2024-05-11','Blood Test: Alkaline Phosphatase','131 IU/L',572,79),(8,'2025-08-03','Blood Test: HDL Cholesterol','1.6 mmol/L',578,87),(9,'2024-05-29','Blood Test: Haemoglobin','150 g/L',474,36),(10,'2024-05-23','Blood Test: LDL Cholesterol','3.8 mmol/L',153,37),(11,'2025-05-20','Blood Test: White Blood Cell Count','15.5 x 10^9/L',453,84),(12,'2025-01-11','Blood Test: Alkaline Phosphatase','125 IU/L',581,89),(13,'2024-03-12','Blood Test: Alkaline Phosphatase','31 IU/L',532,53),(14,'2024-12-30','Blood Test: C-Reactive Protein','5.4 mg/L',587,45),(15,'2025-04-29','Blood Test: Red Blood Cell Count','4.5 x 10^12/L',163,75),(16,'2025-11-05','Blood Test: LDL Cholesterol','0.9 mmol/L',296,5),(17,'2024-01-27','Blood Test: LDL Cholesterol','4.6 mmol/L',326,34),(18,'2025-05-25','Blood Test: White Blood Cell Count','9 x 10^9/L',290,90),(19,'2024-05-12','Blood Test: White Blood Cell Count','8.6 x 10^9/L',67,79),(20,'2024-04-19','Blood Test: Bilirubin','24 umol/L',211,49),(21,'2024-08-14','Blood Test: C-Reactive Protein','4 mg/L',484,25),(22,'2025-03-09','Blood Test: Bilirubin','12 umol/L',19,42),(23,'2024-04-09','Blood Test: Potassium','9 mmol/L',226,55),(24,'2025-03-22','Blood Test: Red Blood Cell Count','2.5 x 10^12/L',127,94),(25,'2024-04-13','Blood Test: White Blood Cell Count','16 x 10^9/L',456,23),(26,'2025-03-11','Blood Test: HbA1c','35 mmol/mol',69,61),(27,'2025-08-20','Blood Test: HbA1c','67 mmol/mol',294,13),(28,'2024-08-03','Blood Test: Triglycerides','2.1 mmol/L',145,97),(29,'2024-03-27','Blood Test: Creatinine','138 umol/L',163,74),(30,'2025-09-01','Blood Test: Lactate','6.9 mmol/L',55,48),(31,'2025-08-26','Blood Test: Triglycerides','3.7 mmol/L',173,43),(32,'2024-09-24','Blood Test: C-Reactive Protein','1 mg/L',355,99),(33,'2024-07-11','Blood Test: Creatinine','51 umol/L',178,27),(34,'2024-02-12','Blood Test: Triglycerides','0.7 mmol/L',69,80),(35,'2024-04-14','Blood Test: White Blood Cell Count','1.6 x 10^9/L',159,17),(36,'2024-09-25','Blood Test: Urea','2.8 mmol/L',183,42),(37,'2025-03-31','Blood Test: Triglycerides','4 mmol/L',2,5),(38,'2025-01-16','Blood Test: Magnesium','0.8 mmol/L',578,45),(39,'2024-12-01','Blood Test: Glucose','18.2 mmol/L',290,39),(40,'2025-03-03','Blood Test: Magnesium','0.7 mmol/L',443,6),(41,'2025-08-04','Blood Test: Urea','1.1 mmol/L',447,38),(42,'2025-05-20','Blood Test: Haemoglobin','80 g/L',489,66),(43,'2025-03-29','Blood Test: Lactate','2.1 mmol/L',185,23),(44,'2024-05-09','Blood Test: HDL Cholesterol','1.9 mmol/L',564,39),(45,'2025-05-24','Blood Test: Alkaline Phosphatase','120 IU/L',370,89),(46,'2024-09-05','Blood Test: Haemoglobin','145 g/L',494,60),(47,'2025-10-12','Blood Test: Lymphocytes','1 x 10^9/L',278,10),(48,'2024-10-20','Blood Test: White Blood Cell Count','2.8 x 10^9/L',457,58),(49,'2024-09-29','Blood Test: Neutrophils','8.3 x 10^9/L',159,17),(50,'2025-06-02','Blood Test: Lactate','1.1 mmol/L',55,41),(51,'2025-05-01','Blood Test: Iron','22 umol/L',423,40),(52,'2024-04-10','Blood Test: HDL Cholesterol','0.8 mmol/L',46,19),(53,'2025-04-21','Blood Test: Creatinine','83 umol/L',280,99),(54,'2024-12-08','Blood Test: Triglycerides','1.3 mmol/L',199,89),(55,'2024-11-14','Blood Test: Red Blood Cell Count','7.8 x 10^12/L',66,31),(56,'2025-08-18','Blood Test: Red Blood Cell Count','2.3 x 10^12/L',545,31),(57,'2025-06-16','Blood Test: Triglycerides','4.8 mmol/L',429,30),(58,'2024-04-12','Blood Test: C-Reactive Protein','2.4 mg/L',438,35),(59,'2024-11-24','Blood Test: Haemoglobin','178 g/L',332,11),(60,'2025-06-26','Blood Test: Triglycerides','2.3 mmol/L',483,18),(61,'2025-10-12','Blood Test: White Blood Cell Count','2.1 x 10^9/L',129,47),(62,'2024-04-08','Blood Test: Lactate','1.2 mmol/L',128,43),(63,'2025-03-12','Blood Test: Alkaline Phosphatase','82 IU/L',521,37),(64,'2024-03-07','Blood Test: Bilirubin','26 umol/L',468,8),(65,'2025-04-11','Blood Test: LDL Cholesterol','4.4 mmol/L',132,65),(66,'2024-10-14','Blood Test: C-Reactive Protein','4.8 mg/L',314,62),(67,'2025-06-06','Blood Test: C-Reactive Protein','7.6 mg/L',265,23),(68,'2025-06-23','Blood Test: HDL Cholesterol','2 mmol/L',551,52),(69,'2024-06-07','Blood Test: Creatinine','65 umol/L',289,57),(70,'2024-03-20','Blood Test: Glucose','5.2 mmol/L',591,88),(71,'2025-04-05','Blood Test: C-Reactive Protein','0.9 mg/L',62,64),(72,'2025-07-09','Blood Test: LDL Cholesterol','1.4 mmol/L',517,2),(73,'2025-04-28','Blood Test: Lymphocytes','8.4 x 10^9/L',491,9),(74,'2025-10-24','Blood Test: HDL Cholesterol','1.5 mmol/L',238,53),(75,'2024-06-14','Blood Test: Neutrophils','2 x 10^9/L',563,79),(76,'2025-01-09','Blood Test: Triglycerides','3.5 mmol/L',266,88),(77,'2024-06-11','Blood Test: LDL Cholesterol','4.1 mmol/L',461,72),(78,'2024-10-08','Blood Test: Neutrophils','2.9 x 10^9/L',129,98),(79,'2025-02-15','Blood Test: Creatinine','118 umol/L',129,98),(80,'2025-09-29','Blood Test: C-Reactive Protein','5 mg/L',38,41),(81,'2025-09-25','Blood Test: HDL Cholesterol','0.6 mmol/L',361,100),(82,'2025-11-02','Blood Test: Creatinine','105 umol/L',348,52),(83,'2024-01-11','Blood Test: Glucose','10.8 mmol/L',193,97),(84,'2024-11-04','Blood Test: Red Blood Cell Count','3.7 x 10^12/L',578,5),(85,'2025-07-07','Blood Test: Glucose','12.2 mmol/L',122,31),(86,'2024-09-05','Blood Test: Glucose','15.7 mmol/L',8,42),(87,'2025-01-09','Blood Test: Neutrophils','2.9 x 10^9/L',4,63),(88,'2024-01-08','Blood Test: C-Reactive Protein','5.4 mg/L',503,75),(89,'2025-08-03','Blood Test: Haemoglobin','164 g/L',94,93),(90,'2024-10-28','Blood Test: Bilirubin','26 umol/L',11,17),(91,'2025-07-07','Blood Test: Magnesium','0.5 mmol/L',291,37),(92,'2024-07-01','Blood Test: Magnesium','0.6 mmol/L',439,96),(93,'2024-07-17','Blood Test: C-Reactive Protein','6.9 mg/L',190,21),(94,'2025-03-17','Blood Test: HbA1c','46 mmol/mol',239,96),(95,'2024-07-17','Blood Test: Triglycerides','0.7 mmol/L',169,6),(96,'2025-09-22','Blood Test: Creatinine','145 umol/L',552,95),(97,'2024-06-13','Blood Test: Triglycerides','4.6 mmol/L',332,77),(98,'2025-10-26','Blood Test: Lactate','7.6 mmol/L',517,59),(99,'2024-01-25','Blood Test: Potassium','8.4 mmol/L',448,21),(100,'2025-04-22','Blood Test: Potassium','5.8 mmol/L',289,85),(101,'2024-01-15','Blood Test: LDL Cholesterol','1.3 mmol/L',285,1),(102,'2024-06-27','Blood Test: Magnesium','1 mmol/L',314,68),(103,'2024-09-13','Blood Test: Alkaline Phosphatase','145 IU/L',354,52),(104,'2024-10-14','Blood Test: HDL Cholesterol','1.8 mmol/L',315,81),(105,'2024-08-30','Blood Test: Bilirubin','22 umol/L',298,86),(106,'2025-01-26','Blood Test: Lymphocytes','5.8 x 10^9/L',495,66),(107,'2025-10-18','Blood Test: Urea','8.9 mmol/L',512,17),(108,'2025-10-20','Blood Test: HbA1c','23 mmol/mol',336,74),(109,'2025-02-02','Blood Test: Creatinine','75 umol/L',280,34),(110,'2025-09-05','Blood Test: Lactate','7.7 mmol/L',340,16),(111,'2025-01-25','Blood Test: Creatinine','73 umol/L',324,32),(112,'2024-12-28','Blood Test: Neutrophils','1.4 x 10^9/L',169,90),(113,'2024-12-19','Blood Test: Potassium','1.7 mmol/L',325,2),(114,'2025-01-07','Blood Test: Magnesium','0.7 mmol/L',599,62),(115,'2025-09-03','Blood Test: Bilirubin','27 umol/L',105,47),(116,'2025-01-12','Blood Test: Lymphocytes','0.2 x 10^9/L',565,92),(117,'2024-10-19','Blood Test: White Blood Cell Count','18.9 x 10^9/L',581,20),(118,'2024-06-29','Blood Test: Creatinine','41 umol/L',504,33),(119,'2025-11-22','Blood Test: Creatinine','129 umol/L',42,37),(120,'2024-08-11','Blood Test: Alkaline Phosphatase','37 IU/L',523,98),(121,'2025-07-26','Blood Test: Bilirubin','9 umol/L',158,13),(122,'2025-11-26','Blood Test: Alkaline Phosphatase','27 IU/L',345,55),(123,'2024-09-12','Blood Test: LDL Cholesterol','0.1 mmol/L',54,10),(124,'2025-11-05','Blood Test: Triglycerides','0.4 mmol/L',443,26),(125,'2025-02-12','Blood Test: Bilirubin','7 umol/L',240,85),(126,'2025-05-17','Blood Test: Potassium','1.5 mmol/L',381,83),(127,'2025-03-31','Blood Test: Magnesium','0.8 mmol/L',168,52),(128,'2025-05-12','Blood Test: Lymphocytes','8.6 x 10^9/L',118,47),(129,'2024-12-15','Blood Test: Glucose','19.4 mmol/L',561,86),(130,'2024-02-15','Blood Test: Red Blood Cell Count','4.9 x 10^12/L',174,62),(131,'2024-04-23','Blood Test: Triglycerides','2 mmol/L',265,16),(132,'2025-03-04','Blood Test: Triglycerides','3.8 mmol/L',541,41),(133,'2025-05-07','Blood Test: Alkaline Phosphatase','52 IU/L',400,31),(134,'2025-11-01','Blood Test: Glucose','17.3 mmol/L',513,96),(135,'2025-03-04','Blood Test: Red Blood Cell Count','3.6 x 10^12/L',308,16),(136,'2024-10-18','Blood Test: C-Reactive Protein','3.7 mg/L',111,47),(137,'2025-03-10','Blood Test: Magnesium','1.5 mmol/L',29,83),(138,'2025-07-10','Blood Test: Urea','8.3 mmol/L',65,46),(139,'2025-11-10','Blood Test: LDL Cholesterol','1.5 mmol/L',263,4),(140,'2024-09-21','Blood Test: Magnesium','1.4 mmol/L',598,32),(141,'2025-03-27','Blood Test: Glucose','0.4 mmol/L',165,80),(142,'2025-11-08','Blood Test: HbA1c','88 mmol/mol',565,88),(143,'2024-05-23','Blood Test: Neutrophils','1.1 x 10^9/L',584,57),(144,'2025-08-21','Blood Test: Urea','2.5 mmol/L',37,33),(145,'2025-01-01','Blood Test: Triglycerides','2.8 mmol/L',173,56),(146,'2025-11-02','Blood Test: Haemoglobin','157 g/L',251,73),(147,'2024-11-25','Blood Test: HbA1c','36 mmol/mol',532,37),(148,'2024-12-17','Blood Test: Neutrophils','2.8 x 10^9/L',437,67),(149,'2024-07-11','Blood Test: Albumin','30 g/L',391,3),(150,'2024-02-14','Blood Test: Alkaline Phosphatase','130 IU/L',541,3),(151,'2025-10-13','Blood Test: C-Reactive Protein','1.9 mg/L',496,51),(152,'2025-03-09','Blood Test: Magnesium','0.7 mmol/L',344,49),(153,'2025-09-10','Blood Test: HbA1c','21 mmol/mol',492,78),(154,'2024-09-04','Blood Test: Albumin','58 g/L',258,5),(155,'2024-09-25','Blood Test: HbA1c','41 mmol/mol',315,90),(156,'2024-10-12','Blood Test: LDL Cholesterol','3.5 mmol/L',201,23),(157,'2024-05-04','Blood Test: Urea','5.3 mmol/L',29,22),(158,'2025-09-05','Blood Test: HDL Cholesterol','1.4 mmol/L',535,79),(159,'2025-03-25','Blood Test: Triglycerides','2.9 mmol/L',583,36),(160,'2025-02-04','Blood Test: HDL Cholesterol','1.1 mmol/L',238,82),(161,'2024-11-04','Blood Test: Alkaline Phosphatase','47 IU/L',140,17),(162,'2025-09-15','Blood Test: LDL Cholesterol','3.9 mmol/L',169,65),(163,'2025-01-27','Blood Test: Bilirubin','15 umol/L',308,23),(164,'2025-04-02','Blood Test: Iron','38 umol/L',524,100),(165,'2024-12-20','Blood Test: Albumin','25 g/L',17,2),(166,'2025-01-07','Blood Test: Creatinine','119 umol/L',368,34),(167,'2025-08-12','Blood Test: Albumin','40 g/L',562,51),(168,'2025-04-23','Blood Test: Potassium','8.8 mmol/L',90,87),(169,'2025-11-06','Blood Test: Bilirubin','12 umol/L',458,41),(170,'2024-05-07','Blood Test: Lactate','4.2 mmol/L',467,64),(171,'2024-05-11','Blood Test: Haemoglobin','88 g/L',86,69),(172,'2025-05-16','Blood Test: HDL Cholesterol','1.6 mmol/L',179,75),(173,'2025-11-16','Blood Test: White Blood Cell Count','12.7 x 10^9/L',236,46),(174,'2024-06-22','Blood Test: Red Blood Cell Count','5.6 x 10^12/L',131,53),(175,'2025-05-13','Blood Test: Creatinine','100 umol/L',396,79),(176,'2025-04-24','Blood Test: LDL Cholesterol','1.1 mmol/L',539,92),(177,'2025-03-07','Blood Test: White Blood Cell Count','8.8 x 10^9/L',383,17),(178,'2024-05-11','Blood Test: Glucose','9.8 mmol/L',212,83),(179,'2024-01-07','Blood Test: Alkaline Phosphatase','83 IU/L',152,24),(180,'2025-07-01','Blood Test: Creatinine','147 umol/L',415,12),(181,'2024-09-02','Blood Test: HbA1c','93 mmol/mol',306,48),(182,'2025-06-28','Blood Test: Lymphocytes','6.7 x 10^9/L',433,60),(183,'2024-02-25','Blood Test: Iron','8 umol/L',130,67),(184,'2024-07-28','Blood Test: LDL Cholesterol','2.7 mmol/L',249,67),(185,'2024-07-26','Blood Test: Triglycerides','2 mmol/L',25,45),(186,'2024-02-28','Blood Test: Lactate','2.6 mmol/L',138,91),(187,'2024-05-14','Blood Test: Albumin','43 g/L',218,38),(188,'2024-06-17','Blood Test: Haemoglobin','63 g/L',265,16),(189,'2024-12-02','Blood Test: Alkaline Phosphatase','46 IU/L',184,45),(190,'2025-08-22','Blood Test: White Blood Cell Count','3.2 x 10^9/L',85,39),(191,'2024-11-13','Blood Test: Lymphocytes','8.8 x 10^9/L',326,99),(192,'2024-06-10','Blood Test: HDL Cholesterol','2 mmol/L',72,50),(193,'2024-04-14','Blood Test: Iron','5 umol/L',293,98),(194,'2025-04-04','Blood Test: Red Blood Cell Count','5.4 x 10^12/L',218,45),(195,'2025-08-12','Blood Test: White Blood Cell Count','8.5 x 10^9/L',56,43),(196,'2024-03-12','Blood Test: Iron','39 umol/L',488,20),(197,'2024-12-25','Blood Test: Triglycerides','2.9 mmol/L',255,71),(198,'2024-12-12','Blood Test: Potassium','4.4 mmol/L',285,86),(199,'2024-04-30','Blood Test: Magnesium','1.5 mmol/L',26,1),(200,'2024-11-05','Blood Test: C-Reactive Protein','5 mg/L',300,25),(201,'2024-06-03','Blood Test: Lactate','2.3 mmol/L',245,45),(202,'2025-10-02','Blood Test: LDL Cholesterol','2.2 mmol/L',68,98),(203,'2024-03-28','Blood Test: Glucose','17.9 mmol/L',42,37),(204,'2024-08-31','Blood Test: Neutrophils','7.4 x 10^9/L',524,98),(205,'2024-01-29','Blood Test: Alkaline Phosphatase','112 IU/L',214,11),(206,'2025-06-18','Blood Test: Red Blood Cell Count','3.2 x 10^12/L',214,77),(207,'2024-04-29','Blood Test: C-Reactive Protein','9.8 mg/L',389,66),(208,'2025-05-20','Blood Test: Lymphocytes','4.5 x 10^9/L',495,66),(209,'2025-04-02','Blood Test: Iron','15 umol/L',69,64),(210,'2024-06-03','Blood Test: HbA1c','51 mmol/mol',36,49),(211,'2025-10-31','Blood Test: HbA1c','72 mmol/mol',114,29),(212,'2024-03-24','Blood Test: Triglycerides','4.9 mmol/L',226,55),(213,'2025-05-18','Blood Test: Glucose','14.7 mmol/L',205,15),(214,'2025-07-21','Blood Test: HbA1c','88 mmol/mol',456,16),(215,'2024-08-17','Blood Test: Neutrophils','4.7 x 10^9/L',381,46),(216,'2025-10-05','Blood Test: Magnesium','0.5 mmol/L',174,8),(217,'2024-09-06','Blood Test: LDL Cholesterol','0.4 mmol/L',31,39),(218,'2024-11-22','Blood Test: Glucose','17.3 mmol/L',487,39),(219,'2024-08-07','Blood Test: Red Blood Cell Count','7.1 x 10^12/L',296,73),(220,'2025-11-26','Blood Test: HDL Cholesterol','0.6 mmol/L',557,91),(221,'2024-01-20','Blood Test: Bilirubin','18 umol/L',110,57),(222,'2025-11-20','Blood Test: White Blood Cell Count','0.8 x 10^9/L',325,10),(223,'2024-08-09','Blood Test: Lactate','7.2 mmol/L',180,2),(224,'2025-03-25','Blood Test: Haemoglobin','56 g/L',191,78),(225,'2025-09-23','Blood Test: Glucose','6.6 mmol/L',247,30),(226,'2025-05-25','Blood Test: HbA1c','44 mmol/mol',214,29),(227,'2024-09-30','Blood Test: Bilirubin','27 umol/L',428,35),(228,'2024-11-12','Blood Test: C-Reactive Protein','3.9 mg/L',423,52),(229,'2025-01-06','Blood Test: Neutrophils','3 x 10^9/L',161,79),(230,'2025-01-26','Blood Test: Potassium','2.4 mmol/L',168,70),(231,'2025-01-27','Blood Test: Glucose','4.2 mmol/L',356,86),(232,'2024-11-12','Blood Test: C-Reactive Protein','4.2 mg/L',493,2),(233,'2025-05-16','Blood Test: Alkaline Phosphatase','62 IU/L',107,37),(234,'2024-02-16','Blood Test: Magnesium','1.5 mmol/L',589,7),(235,'2025-03-13','Blood Test: C-Reactive Protein','4 mg/L',266,59),(236,'2024-12-15','Blood Test: Lactate','4.7 mmol/L',495,50),(237,'2025-05-10','Blood Test: Albumin','42 g/L',7,6),(238,'2025-05-03','Blood Test: Potassium','4.4 mmol/L',486,84),(239,'2024-12-31','Blood Test: Glucose','11.1 mmol/L',534,19),(240,'2024-03-15','Blood Test: Iron','7 umol/L',246,90),(241,'2024-08-10','Blood Test: Lactate','9.1 mmol/L',117,85),(242,'2024-12-14','Blood Test: HDL Cholesterol','0.9 mmol/L',133,63),(243,'2024-02-07','Blood Test: C-Reactive Protein','1.4 mg/L',499,47),(244,'2025-05-10','Blood Test: LDL Cholesterol','3.3 mmol/L',462,16),(245,'2025-01-26','Blood Test: Iron','12 umol/L',294,12),(246,'2025-04-11','Blood Test: Lymphocytes','2.2 x 10^9/L',286,54),(247,'2025-05-26','Blood Test: LDL Cholesterol','4.8 mmol/L',302,60),(248,'2024-06-25','Blood Test: HDL Cholesterol','1.5 mmol/L',304,19),(249,'2025-07-10','Blood Test: Creatinine','139 umol/L',62,89),(250,'2024-03-14','Blood Test: Glucose','2.5 mmol/L',392,11),(251,'2025-01-11','Blood Test: LDL Cholesterol','4.8 mmol/L',404,53),(252,'2024-02-02','Blood Test: Magnesium','1.5 mmol/L',552,72),(253,'2025-04-12','Blood Test: Albumin','52 g/L',188,63),(254,'2024-05-06','Blood Test: Bilirubin','13 umol/L',570,7),(255,'2024-09-06','Blood Test: White Blood Cell Count','6.2 x 10^9/L',25,48),(256,'2024-09-07','Blood Test: Urea','6.8 mmol/L',237,54),(257,'2025-10-27','Blood Test: Neutrophils','6.9 x 10^9/L',257,17),(258,'2024-01-12','Blood Test: Glucose','12.3 mmol/L',96,22),(259,'2024-07-06','Blood Test: Glucose','18.3 mmol/L',11,45),(260,'2024-04-05','Blood Test: LDL Cholesterol','2.7 mmol/L',311,8),(261,'2024-03-18','Blood Test: Lactate','9.1 mmol/L',157,48),(262,'2025-01-02','Blood Test: LDL Cholesterol','1.4 mmol/L',231,38),(263,'2025-03-26','Blood Test: LDL Cholesterol','4.2 mmol/L',536,82),(264,'2024-03-03','Blood Test: Lymphocytes','8.4 x 10^9/L',411,60),(265,'2024-11-21','Blood Test: HDL Cholesterol','2 mmol/L',400,93),(266,'2025-07-21','Blood Test: HDL Cholesterol','0.6 mmol/L',246,20),(267,'2024-06-21','Blood Test: HbA1c','90 mmol/mol',101,98),(268,'2025-09-10','Blood Test: Triglycerides','4.8 mmol/L',393,41),(269,'2024-05-13','Blood Test: Red Blood Cell Count','5.2 x 10^12/L',187,66),(270,'2024-03-21','Blood Test: Neutrophils','6.5 x 10^9/L',2,72),(271,'2024-06-20','Blood Test: Lymphocytes','10 x 10^9/L',309,40),(272,'2024-10-03','Blood Test: Magnesium','1.2 mmol/L',496,43),(273,'2025-01-13','Blood Test: Alkaline Phosphatase','126 IU/L',133,97),(274,'2024-03-03','Blood Test: Lymphocytes','9.2 x 10^9/L',511,30),(275,'2025-08-11','Blood Test: HDL Cholesterol','2 mmol/L',63,11),(276,'2025-10-30','Blood Test: Urea','2.7 mmol/L',356,1),(277,'2024-03-15','Blood Test: Haemoglobin','181 g/L',67,76),(278,'2024-01-28','Blood Test: Haemoglobin','128 g/L',280,85),(279,'2025-05-25','Blood Test: HbA1c','78 mmol/mol',457,63),(280,'2025-08-04','Blood Test: Potassium','8.7 mmol/L',320,94),(281,'2024-01-29','Blood Test: Potassium','6 mmol/L',591,10),(282,'2025-06-15','Blood Test: HDL Cholesterol','0.6 mmol/L',281,35),(283,'2025-08-14','Blood Test: Red Blood Cell Count','6.1 x 10^12/L',314,42),(284,'2024-12-06','Blood Test: White Blood Cell Count','6.8 x 10^9/L',193,68),(285,'2024-09-22','Blood Test: LDL Cholesterol','2.4 mmol/L',574,51),(286,'2024-06-11','Blood Test: Potassium','1.1 mmol/L',408,97),(287,'2024-02-16','Blood Test: LDL Cholesterol','3.9 mmol/L',132,35),(288,'2024-07-27','Blood Test: Triglycerides','4.8 mmol/L',538,75),(289,'2025-03-11','Blood Test: Glucose','11.3 mmol/L',7,89),(290,'2025-05-18','Blood Test: HbA1c','32 mmol/mol',137,84),(291,'2024-05-02','Blood Test: Lymphocytes','6.2 x 10^9/L',330,64),(292,'2025-01-29','Blood Test: Magnesium','0.6 mmol/L',147,54),(293,'2025-01-10','Blood Test: Lymphocytes','1.9 x 10^9/L',475,77),(294,'2025-06-14','Blood Test: Potassium','9.2 mmol/L',435,23),(295,'2024-09-03','Blood Test: C-Reactive Protein','1.4 mg/L',351,59),(296,'2024-11-11','Blood Test: LDL Cholesterol','3.2 mmol/L',458,95),(297,'2025-11-21','Blood Test: Iron','23 umol/L',160,4),(298,'2025-04-13','Blood Test: LDL Cholesterol','0.9 mmol/L',326,98),(299,'2024-04-24','Blood Test: Creatinine','88 umol/L',387,34),(300,'2024-01-21','Blood Test: Creatinine','31 umol/L',541,72),(301,'2024-03-11','Blood Test: HDL Cholesterol','1.3 mmol/L',532,59),(302,'2024-02-26','Blood Test: HDL Cholesterol','1.8 mmol/L',48,40),(303,'2025-02-15','Blood Test: LDL Cholesterol','2.9 mmol/L',76,99),(304,'2024-05-23','Blood Test: Iron','9 umol/L',136,16),(305,'2024-07-12','Blood Test: Potassium','8.5 mmol/L',535,50),(306,'2025-02-23','Blood Test: Haemoglobin','129 g/L',47,28),(307,'2024-01-26','Blood Test: HDL Cholesterol','0.9 mmol/L',387,33),(308,'2024-05-04','Blood Test: C-Reactive Protein','9.1 mg/L',597,84),(309,'2024-02-05','Blood Test: Potassium','8.4 mmol/L',236,51),(310,'2024-07-25','Blood Test: Alkaline Phosphatase','88 IU/L',244,23),(311,'2025-11-23','Blood Test: Creatinine','148 umol/L',545,93),(312,'2025-11-25','Blood Test: HDL Cholesterol','1.9 mmol/L',245,46),(313,'2025-08-03','Blood Test: HDL Cholesterol','1 mmol/L',379,66),(314,'2025-05-21','Blood Test: HDL Cholesterol','1.9 mmol/L',105,69),(315,'2024-09-05','Blood Test: Potassium','2.6 mmol/L',104,53),(316,'2025-11-13','Blood Test: Triglycerides','0.3 mmol/L',215,82),(317,'2025-05-03','Blood Test: Lymphocytes','1.7 x 10^9/L',341,85),(318,'2025-04-23','Blood Test: Glucose','1.7 mmol/L',32,86),(319,'2024-12-06','Blood Test: Lymphocytes','5.5 x 10^9/L',404,53),(320,'2024-07-03','Blood Test: HbA1c','26 mmol/mol',57,82),(321,'2025-05-16','Blood Test: Lymphocytes','6.8 x 10^9/L',487,81),(322,'2025-01-29','Blood Test: Haemoglobin','102 g/L',355,14),(323,'2024-02-22','Blood Test: White Blood Cell Count','16.4 x 10^9/L',476,84),(324,'2025-01-25','Blood Test: Glucose','18.4 mmol/L',60,66),(325,'2024-08-12','Blood Test: Magnesium','0.8 mmol/L',35,19),(326,'2025-09-20','Blood Test: Alkaline Phosphatase','38 IU/L',295,59),(327,'2025-09-30','Blood Test: LDL Cholesterol','0.1 mmol/L',427,85),(328,'2025-01-21','Blood Test: Lactate','7.9 mmol/L',585,86),(329,'2024-03-09','Blood Test: Potassium','7 mmol/L',162,63),(330,'2025-05-04','Blood Test: C-Reactive Protein','8.7 mg/L',44,9),(331,'2025-03-13','Blood Test: Urea','1.3 mmol/L',33,100),(332,'2024-06-23','Blood Test: Neutrophils','1.7 x 10^9/L',236,17),(333,'2024-12-22','Blood Test: Triglycerides','0.7 mmol/L',86,98),(334,'2025-03-17','Blood Test: Red Blood Cell Count','7.4 x 10^12/L',70,68),(335,'2025-09-29','Blood Test: Albumin','26 g/L',475,63),(336,'2025-03-23','Blood Test: Neutrophils','4.4 x 10^9/L',125,90),(337,'2025-08-08','Blood Test: HbA1c','25 mmol/mol',129,54),(338,'2024-07-01','Blood Test: HbA1c','37 mmol/mol',134,3),(339,'2025-07-23','Blood Test: HDL Cholesterol','1 mmol/L',138,68),(340,'2024-07-28','Blood Test: Neutrophils','6.6 x 10^9/L',31,67),(341,'2024-10-24','Blood Test: Iron','12 umol/L',128,48),(342,'2025-10-14','Blood Test: Creatinine','59 umol/L',293,85),(343,'2024-02-05','Blood Test: HbA1c','24 mmol/mol',195,5),(344,'2024-10-23','Blood Test: Bilirubin','6 umol/L',599,11),(345,'2025-11-26','Blood Test: Urea','4.5 mmol/L',87,40),(346,'2025-03-07','Blood Test: Haemoglobin','118 g/L',243,88),(347,'2025-04-17','Blood Test: Magnesium','0.8 mmol/L',398,66),(348,'2025-06-13','Blood Test: Potassium','3.9 mmol/L',586,67),(349,'2025-09-03','Blood Test: Iron','10 umol/L',443,67),(350,'2025-09-23','Blood Test: C-Reactive Protein','6.4 mg/L',89,83),(351,'2025-05-02','Blood Test: C-Reactive Protein','2.7 mg/L',212,48),(352,'2025-02-08','Blood Test: HDL Cholesterol','1.2 mmol/L',262,85),(353,'2024-10-22','Blood Test: Potassium','4.1 mmol/L',397,42),(354,'2025-08-21','Blood Test: Iron','12 umol/L',365,13),(355,'2025-07-25','Blood Test: HbA1c','94 mmol/mol',260,12),(356,'2025-02-20','Blood Test: HbA1c','41 mmol/mol',435,16),(357,'2024-12-09','Blood Test: Lymphocytes','8.8 x 10^9/L',212,38),(358,'2025-11-23','Blood Test: Triglycerides','3.8 mmol/L',522,52),(359,'2024-12-31','Blood Test: Alkaline Phosphatase','80 IU/L',232,68),(360,'2024-01-15','Blood Test: Haemoglobin','98 g/L',536,88),(361,'2025-03-07','Blood Test: Iron','12 umol/L',331,52),(362,'2024-02-29','Blood Test: White Blood Cell Count','9.6 x 10^9/L',337,74),(363,'2024-01-17','Blood Test: Albumin','42 g/L',117,69),(364,'2024-10-27','Blood Test: Albumin','41 g/L',438,30),(365,'2025-06-08','Blood Test: HbA1c','59 mmol/mol',105,7),(366,'2024-12-12','Blood Test: White Blood Cell Count','17 x 10^9/L',62,55),(367,'2024-12-23','Blood Test: Haemoglobin','133 g/L',274,100),(368,'2024-03-19','Blood Test: Triglycerides','1.1 mmol/L',472,38),(369,'2025-06-06','Blood Test: Glucose','9.4 mmol/L',111,7),(370,'2025-04-02','Blood Test: Lactate','4.1 mmol/L',226,55),(371,'2024-03-19','Blood Test: LDL Cholesterol','2.6 mmol/L',569,36),(372,'2024-12-02','Blood Test: Bilirubin','7 umol/L',98,13),(373,'2024-05-29','Blood Test: Triglycerides','2.6 mmol/L',600,6),(374,'2025-11-14','Blood Test: Bilirubin','13 umol/L',305,43),(375,'2024-10-09','Blood Test: Triglycerides','4 mmol/L',570,4),(376,'2025-09-25','Blood Test: Iron','27 umol/L',370,26),(377,'2024-04-18','Blood Test: Neutrophils','2.5 x 10^9/L',562,48),(378,'2025-08-19','Blood Test: Triglycerides','3.2 mmol/L',516,13),(379,'2024-06-21','Blood Test: Triglycerides','0.6 mmol/L',287,57),(380,'2025-05-13','Blood Test: Red Blood Cell Count','7.3 x 10^12/L',480,64),(381,'2024-04-04','Blood Test: C-Reactive Protein','5.5 mg/L',523,69),(382,'2025-09-30','Blood Test: C-Reactive Protein','8.6 mg/L',396,79),(383,'2025-08-15','Blood Test: C-Reactive Protein','6.3 mg/L',581,6),(384,'2025-11-22','Blood Test: Potassium','5.7 mmol/L',4,74),(385,'2025-10-03','Blood Test: Red Blood Cell Count','6 x 10^12/L',215,59),(386,'2025-03-14','Blood Test: HDL Cholesterol','1.9 mmol/L',472,45),(387,'2025-07-06','Blood Test: Triglycerides','3.9 mmol/L',22,70),(388,'2025-11-13','Blood Test: Bilirubin','11 umol/L',50,41),(389,'2024-08-14','Blood Test: LDL Cholesterol','0.6 mmol/L',109,10),(390,'2025-02-26','Blood Test: Magnesium','0.8 mmol/L',95,93),(391,'2024-04-05','Blood Test: White Blood Cell Count','17.8 x 10^9/L',518,64),(392,'2024-03-04','Blood Test: Red Blood Cell Count','2.7 x 10^12/L',542,24),(393,'2025-08-28','Blood Test: Magnesium','1.1 mmol/L',565,53),(394,'2025-03-22','Blood Test: Triglycerides','0.7 mmol/L',549,55),(395,'2025-07-11','Blood Test: Creatinine','118 umol/L',200,18),(396,'2025-01-02','Blood Test: White Blood Cell Count','0.7 x 10^9/L',339,41),(397,'2024-10-05','Blood Test: Iron','31 umol/L',126,23),(398,'2025-08-12','Blood Test: White Blood Cell Count','9.9 x 10^9/L',203,81),(399,'2024-03-11','Blood Test: Iron','34 umol/L',2,95),(400,'2024-06-25','Blood Test: Potassium','4.1 mmol/L',566,30),(401,'2024-07-06','Blood Test: Red Blood Cell Count','3 x 10^12/L',162,71),(402,'2024-05-24','Blood Test: Alkaline Phosphatase','149 IU/L',68,36),(403,'2024-11-08','Blood Test: Magnesium','0.8 mmol/L',585,71),(404,'2025-09-09','Blood Test: Alkaline Phosphatase','21 IU/L',254,42),(405,'2024-09-10','Blood Test: Neutrophils','1 x 10^9/L',422,45),(406,'2024-07-30','Blood Test: Neutrophils','3.4 x 10^9/L',222,77),(407,'2025-06-15','Blood Test: Triglycerides','1.1 mmol/L',457,68),(408,'2025-11-08','Blood Test: White Blood Cell Count','19 x 10^9/L',237,7),(409,'2025-05-29','Blood Test: White Blood Cell Count','10.7 x 10^9/L',318,62),(410,'2025-07-20','Blood Test: Bilirubin','23 umol/L',380,39),(411,'2025-10-08','Blood Test: Haemoglobin','73 g/L',101,49),(412,'2024-07-23','Blood Test: Iron','30 umol/L',391,87),(413,'2025-06-25','Blood Test: Glucose','5.5 mmol/L',587,45),(414,'2025-04-04','Blood Test: Red Blood Cell Count','4.8 x 10^12/L',205,95),(415,'2025-03-27','Blood Test: Glucose','16.4 mmol/L',110,9),(416,'2025-05-12','Blood Test: Urea','7.8 mmol/L',144,10),(417,'2024-10-01','Blood Test: C-Reactive Protein','6.9 mg/L',302,79),(418,'2024-10-11','Blood Test: Glucose','15 mmol/L',344,33),(419,'2025-05-16','Blood Test: Albumin','31 g/L',287,9),(420,'2025-08-06','Blood Test: Red Blood Cell Count','3.7 x 10^12/L',346,23),(421,'2025-09-17','Blood Test: White Blood Cell Count','16.2 x 10^9/L',425,12),(422,'2025-05-30','Blood Test: Albumin','38 g/L',338,25),(423,'2024-02-02','Blood Test: Red Blood Cell Count','3.6 x 10^12/L',548,79),(424,'2025-07-18','Blood Test: Creatinine','55 umol/L',157,72),(425,'2024-06-07','Blood Test: Haemoglobin','93 g/L',298,91),(426,'2025-11-29','Blood Test: Haemoglobin','132 g/L',375,4),(427,'2024-07-27','Blood Test: HbA1c','98 mmol/mol',582,29),(428,'2024-12-28','Blood Test: Urea','8.1 mmol/L',586,67),(429,'2025-09-26','Blood Test: HDL Cholesterol','0.7 mmol/L',591,92),(430,'2024-11-07','Blood Test: LDL Cholesterol','3.7 mmol/L',579,77),(431,'2024-07-14','Blood Test: Red Blood Cell Count','6.4 x 10^12/L',34,9),(432,'2024-11-22','Blood Test: Alkaline Phosphatase','75 IU/L',517,88),(433,'2024-11-17','Blood Test: Urea','6.8 mmol/L',381,46),(434,'2025-10-06','Blood Test: Lactate','2.1 mmol/L',429,55),(435,'2024-08-14','Blood Test: Magnesium','1 mmol/L',445,38),(436,'2025-02-23','Blood Test: LDL Cholesterol','4.5 mmol/L',5,29),(437,'2025-03-21','Blood Test: Urea','4.1 mmol/L',113,58),(438,'2025-11-05','Blood Test: C-Reactive Protein','7.3 mg/L',582,68),(439,'2024-07-08','Blood Test: Creatinine','61 umol/L',74,55),(440,'2025-07-21','Blood Test: Lymphocytes','8.7 x 10^9/L',209,49),(441,'2024-08-01','Blood Test: Neutrophils','8.8 x 10^9/L',362,23),(442,'2024-03-20','Blood Test: Bilirubin','13 umol/L',521,37),(443,'2025-05-25','Blood Test: Lactate','3.4 mmol/L',172,82),(444,'2024-05-04','Blood Test: HDL Cholesterol','1.7 mmol/L',15,20),(445,'2025-11-14','Blood Test: Lactate','1 mmol/L',529,43),(446,'2024-10-21','Blood Test: C-Reactive Protein','0.5 mg/L',276,69),(447,'2024-02-02','Blood Test: White Blood Cell Count','8.9 x 10^9/L',223,23),(448,'2024-12-18','Blood Test: Alkaline Phosphatase','82 IU/L',571,58),(449,'2025-01-29','Blood Test: Albumin','32 g/L',242,31),(450,'2024-02-01','Blood Test: Bilirubin','30 umol/L',549,26),(451,'2024-02-10','Blood Test: Glucose','12.1 mmol/L',399,49),(452,'2024-04-05','Blood Test: C-Reactive Protein','2.2 mg/L',397,91),(453,'2024-07-02','Blood Test: Urea','2.6 mmol/L',570,57),(454,'2025-07-11','Blood Test: Triglycerides','3.1 mmol/L',287,98),(455,'2025-02-01','Blood Test: Triglycerides','0.4 mmol/L',40,22),(456,'2025-04-14','Blood Test: Potassium','9.6 mmol/L',500,7),(457,'2025-05-30','Blood Test: Neutrophils','6.8 x 10^9/L',160,9),(458,'2025-05-28','Blood Test: Neutrophils','9.2 x 10^9/L',201,16),(459,'2025-07-29','Blood Test: Triglycerides','3.5 mmol/L',154,74),(460,'2024-10-18','Blood Test: White Blood Cell Count','2.3 x 10^9/L',509,77),(461,'2025-11-13','Blood Test: Triglycerides','0.6 mmol/L',105,47),(462,'2024-02-14','Blood Test: Albumin','45 g/L',21,30),(463,'2024-01-12','Blood Test: Lactate','7.8 mmol/L',447,48),(464,'2024-01-08','Blood Test: Lymphocytes','3.3 x 10^9/L',139,78),(465,'2025-09-11','Blood Test: Urea','1.8 mmol/L',297,6),(466,'2025-09-12','Blood Test: Glucose','0.9 mmol/L',26,75),(467,'2024-08-02','Blood Test: HbA1c','81 mmol/mol',153,10),(468,'2024-05-23','Blood Test: Glucose','8.7 mmol/L',267,15),(469,'2025-10-20','Blood Test: Magnesium','1.4 mmol/L',118,33),(470,'2024-04-02','Blood Test: Magnesium','1 mmol/L',1,38),(471,'2024-01-21','Blood Test: HDL Cholesterol','1.6 mmol/L',420,38),(472,'2025-06-16','Blood Test: Red Blood Cell Count','3.2 x 10^12/L',23,34),(473,'2025-10-24','Blood Test: Iron','40 umol/L',403,88),(474,'2024-10-01','Blood Test: Red Blood Cell Count','3.6 x 10^12/L',306,83),(475,'2024-08-07','Blood Test: HbA1c','98 mmol/mol',57,53),(476,'2025-04-07','Blood Test: LDL Cholesterol','3.5 mmol/L',199,65),(477,'2025-09-18','Blood Test: C-Reactive Protein','6 mg/L',442,57),(478,'2024-03-24','Blood Test: Iron','7 umol/L',13,91),(479,'2025-06-08','Blood Test: Glucose','1.9 mmol/L',89,17),(480,'2024-02-02','Blood Test: Magnesium','1.3 mmol/L',148,58),(481,'2024-07-23','Blood Test: Lymphocytes','6.5 x 10^9/L',292,69),(482,'2025-11-28','Blood Test: C-Reactive Protein','0.8 mg/L',206,33),(483,'2024-07-07','Blood Test: C-Reactive Protein','6.9 mg/L',469,26),(484,'2025-04-05','Blood Test: Triglycerides','0.3 mmol/L',513,18),(485,'2025-09-25','Blood Test: HDL Cholesterol','1.9 mmol/L',73,6),(486,'2024-06-08','Blood Test: Haemoglobin','190 g/L',200,96),(487,'2025-04-13','Blood Test: LDL Cholesterol','2.6 mmol/L',485,36),(488,'2025-05-08','Blood Test: Haemoglobin','85 g/L',303,55),(489,'2025-03-28','Blood Test: Bilirubin','20 umol/L',275,76),(490,'2025-03-16','Blood Test: Triglycerides','2.4 mmol/L',487,20),(491,'2024-01-18','Blood Test: Potassium','1.6 mmol/L',260,70),(492,'2025-11-06','Blood Test: Glucose','0.9 mmol/L',48,19),(493,'2024-12-22','Blood Test: Creatinine','115 umol/L',271,36),(494,'2024-08-12','Blood Test: Triglycerides','3 mmol/L',514,54),(495,'2024-06-22','Blood Test: Glucose','7.5 mmol/L',139,96),(496,'2025-11-27','Blood Test: Magnesium','1.4 mmol/L',20,32),(497,'2024-04-27','Blood Test: Potassium','8.4 mmol/L',205,15),(498,'2024-02-29','Blood Test: Magnesium','0.9 mmol/L',386,42),(499,'2024-12-14','Blood Test: LDL Cholesterol','3.7 mmol/L',194,99),(500,'2025-04-02','Blood Test: Haemoglobin','148 g/L',73,64);
/*!40000 ALTER TABLE `lab_results` ENABLE KEYS */;
UNLOCK TABLES;

--
-- Table structure for table `medications`
--

DROP TABLE IF EXISTS `medications`;
/*!40101 SET @saved_cs_client     = @@character_set_client */;
/*!50503 SET character_set_client = utf8mb4 */;
CREATE TABLE `medications` (
  `medication_id` int NOT NULL,
  `medication_name` varchar(150) DEFAULT NULL,
  `disease_id` int DEFAULT NULL,
  PRIMARY KEY (`medication_id`),
  KEY `disease_id` (`disease_id`),
  CONSTRAINT `medications_ibfk_1` FOREIGN KEY (`disease_id`) REFERENCES `diseases` (`disease_id`)
) ENGINE=InnoDB DEFAULT CHARSET=utf8mb4 COLLATE=utf8mb4_0900_ai_ci;
/*!40101 SET character_set_client = @saved_cs_client */;

--
-- Dumping data for table `medications`
--

LOCK TABLES `medications` WRITE;
/*!40000 ALTER TABLE `medications` DISABLE KEYS */;
INSERT INTO `medications` VALUES (1,'Acetazolamide',8),(2,'Acetylcysteine',6),(3,'Albuterol',6),(4,'Alprazolam',1),(5,'Amiloride',8),(6,'Aminophylline',6),(7,'Amitriptyline',1),(8,'Amobarbital',1),(9,'Acetylsalicylic Acid',1),(10,'Bendroflumethiazide',8),(11,'Bromazepam',1),(12,'Bromocriptine',10),(13,'Brompheniramine',6),(14,'Buprenorphine',5),(15,'Buspirone',1),(16,'Calcium Carbonate',4),(17,'Cefaclor',6),(18,'Clorazepate',1),(19,'Chlordiazepoxide',1),(20,'Chlorpheniramine',6),(21,'Chlorpromazine',1),(22,'Chlorpropamide',10),(23,'Cholecalciferol',4),(24,'Ciprofloxacin',6),(25,'Cisplatin',9),(26,'Citalopram',1),(27,'Clonidine',4),(28,'Clopamide',1),(29,'Codeine',6),(30,'Deferoxamine',4),(31,'Dexamethasone',8),(32,'Dextromethorphan',6),(33,'Diazepam',1),(34,'Diltiazem',2),(35,'Disopyramide',2),(36,'Doxepin',1),(37,'Doxylamine',6),(38,'Diprophylline',6),(39,'Enalaprilat',8),(40,'Epinephrine',1),(41,'Amifostine',4),(42,'Etoposide',9),(43,'Felodipine',8),(44,'Flecainide',2),(45,'Fluorouracil',3),(46,'Glibenclamide',10),(47,'Glipizide',10),(48,'Glyceryl Trinitrate',8),(49,'Glycopyrrolate',6),(50,'Guaifenesin',6),(51,'Heparin',2),(52,'Hydralazine',8),(53,'Hydroxyurea',9),(54,'Hydroxyzine',1),(55,'Indapamide',8),(56,'Isosorbide',8),(57,'Isosorbide Dinitrate',8),(58,'Labetalol',8),(59,'Leucovorin',3),(60,'Lorazepam',1),(61,'Magnesium Hydroxide',4),(62,'Mannitol',8),(63,'Maprotiline',1),(64,'Melatonin',7),(65,'Meprobamate',1),(66,'Metformin',10),(67,'Levomepromazine',1),(68,'Metoclopramide',10),(69,'Metolazone',8),(70,'Midazolam',1),(71,'Mifepristone',10),(72,'Ipratropium',6),(73,'Nadolol',8),(74,'Niacin',10),(75,'Nitroprusside',8),(76,'Nortriptyline',1),(77,'Ofloxacin',6),(78,'Metaproterenol',6),(79,'Oxazepam',1),(80,'Oxymetazoline',6),(81,'Oxymorphone',1),(82,'Phenobarbital',1),(83,'Phentermine',10),(84,'Phenylephrine',6),(85,'Phenylpropanolamine',6),(86,'Prazosin',8),(87,'Prednisolone',8),(88,'Procainamide',2),(89,'Prochlorperazine',1),(90,'Propafenone',2),(91,'Propranolol',8),(92,'Pseudoephedrine',6),(93,'Quinidine',2),(94,'Sotalol',2),(95,'Spironolactone',8),(96,'Sulfamethoxazole',6),(97,'Terbutaline',6),(98,'Tetracycline',6),(99,'Theophylline',6),(100,'Thiamine',8),(101,'Timolol',8),(102,'Tolazamide',10),(103,'Tolbutamide',10),(104,'Trazodone',1),(105,'Triamterene',8),(106,'Trichlormethiazide',8),(107,'Trifluoperazine',1),(108,'Trimethoprim',6),(109,'Sulfamethoxazole / Trimethoprim',6),(110,'Ubiquinone',8),(111,'Warfarin',2),(112,'Gemcitabine',9),(113,'Fomepizole',4),(114,'Acarbose',10),(115,'Amlodipine',8),(116,'Benazepril',8),(117,'Bisoprolol',8),(118,'Cefprozil',6),(119,'Budesonide',6),(120,'Carvedilol',8),(121,'Cefpodoxime',6),(122,'Ceftibuten',6),(123,'Choline Theophyllinate',6),(124,'Cilazapril',8),(125,'Clarithromycin',6),(126,'Clidinium',1),(127,'Clobazam',1),(128,'Coenzyme Q10',8),(129,'Dexbrompheniramine',6),(130,'Dexchlorpheniramine',6),(131,'Dihematoporphyrin Ether',9),(132,'Fenoldopam',8),(133,'Iron Saccharate',4),(134,'Cefixime',6),(135,'Cefdinir',6),(136,'Formoterol',6),(137,'Glimepiride',10),(138,'Lomefloxacin',6),(139,'Magaldrate',4),(140,'Miglitol',10),(141,'Moexipril',8),(142,'Nebivolol',8),(143,'Oxaliplatin',3),(144,'Paroxetine',1),(145,'Pioglitazone',10),(146,'Quinapril',8),(147,'Ramipril',8),(148,'Salmeterol',6),(149,'Simvastatin',10),(150,'Orlistat',10),(151,'Tibolone',1),(152,'Trandolapril',8),(153,'Vinorelbine',9),(154,'Venlafaxine',1),(155,'Ibutilide',2),(156,'Bupropion',7),(157,'Fluvoxamine',7),(158,'Dofetilide',2),(159,'Doxazosin',8),(160,'Esmolol',8),(161,'Insulin, Aspart, Human',10),(162,'Loteprednol Etabonate',8),(163,'Milrinone',8),(164,'Perindopril',8),(165,'Paclitaxel',9),(166,'Topotecan',9),(167,'Chromium Picolinate',10),(168,'Exenatide',10),(169,'Somatropin',8),(170,'Pemetrexed',9),(171,'Ziconotide',5),(172,'Tiotropium',6),(173,'Docetaxel',9),(174,'Repaglinide',10),(175,'Paricalcitol',4),(176,'Reteplase',8),(177,'Levofloxacin',6),(178,'Eprosartan',8),(179,'Cefditoren',6),(180,'Rosiglitazone',10),(181,'Insulin Lispro',10),(182,'Epoetin Alfa',4),(183,'Trovafloxacin',6),(184,'Gemifloxacin',6),(185,'Moxifloxacin',6),(186,'Insulin Detemir',10),(187,'Pramlintide',10),(188,'Colesevelam',10),(189,'Capecitabine',3),(190,'Calcium Acetate',4),(191,'Candesartan',8),(192,'Sevelamer',4),(193,'Gatifloxacin',6),(194,'Dronedarone',2),(195,'Loteprednol',8),(196,'Levalbuterol',6),(197,'Insulin (human)',10),(198,'Bevacizumab',9),(199,'Nateglinide',10),(200,'Insulin Glargine',10),(201,'Perflutren',8),(202,'Darbepoetin Alfa',4),(203,'Fluticasone / Salmeterol',6),(204,'Kava',1),(205,'Eplerenone',8),(206,'Arformoterol',6),(207,'Insulin, Protamine Lispro, Human',10),(208,'Olmesartan',8),(209,'Escitalopram',1),(210,'Aliskiren',8),(211,'Gefitinib',9),(212,'Erlotinib',9),(213,'Dornase Alfa',6),(214,'Insulin, Aspart Protamine, Human',10),(215,'Tolvaptan',8),(216,'Fenugreek Seed Preparation',6),(217,'Insulin Glulisine',10),(218,'Cinacalcet',4),(219,'Ferumoxytol',4),(220,'Liraglutide',10),(221,'Butabarbital',1),(222,'Sitagliptin',10),(223,'Methoxy Polyethylene Glycol-Epoetin Beta',4),(224,'Saxagliptin',10),(225,'Dabigatran Etexilate',2),(226,'Azilsartan',8),(227,'Roflumilast',6),(228,'Linagliptin',10),(229,'Rivaroxaban',2),(230,'Indacaterol',6),(231,'Crizotinib',9),(232,'Lorcaserin',10),(233,'Aclidinium',6),(234,'Regorafenib',3),(235,'Apixaban',2),(236,'Alogliptin',10),(237,'Dabrafenib',9),(238,'Trametinib',9),(239,'Afatinib',9),(240,'Lixisenatide',10),(241,'Umeclidinium',6),(242,'Albiglutide',10),(243,'Ceritinib',9),(244,'Ramucirumab',9),(245,'Empagliflozin',10),(246,'Olodaterol',6),(247,'Dabigatran',2),(248,'Perindoprilat',8),(249,'Pembrolizumab',9),(250,'Dulaglutide',10),(251,'Naloxegol',5),(252,'Nivolumab',9),(253,'Edoxaban',2),(254,'Insulin, Isophane',10),(255,'Ivabradine',8),(256,'Sacubitril',8),(257,'Insulin Degludec',10),(258,'Asfotase Alfa',4),(259,'Osimertinib',9),(260,'Necitumumab',9),(261,'Alectinib',9),(262,'Atezolizumab',9),(263,'Etelcalcetide',4),(264,'Naldemedine',5),(265,'Durvalumab',9),(266,'Brigatinib',9),(267,'Semaglutide',10),(268,'Ertugliflozin',10);
/*!40000 ALTER TABLE `medications` ENABLE KEYS */;
UNLOCK TABLES;

--
-- Table structure for table `patients`
--

DROP TABLE IF EXISTS `patients`;
/*!40101 SET @saved_cs_client     = @@character_set_client */;
/*!50503 SET character_set_client = utf8mb4 */;
CREATE TABLE `patients` (
  `patient_id` int NOT NULL,
  `patient_name` varchar(150) DEFAULT NULL,
  `patient_dob` date DEFAULT NULL,
  `patient_address` varchar(150) DEFAULT NULL,
  `doctor_id` int DEFAULT NULL,
  PRIMARY KEY (`patient_id`),
  KEY `doctor_id` (`doctor_id`),
  CONSTRAINT `patients_ibfk_1` FOREIGN KEY (`doctor_id`) REFERENCES `doctors` (`doctor_id`)
) ENGINE=InnoDB DEFAULT CHARSET=utf8mb4 COLLATE=utf8mb4_0900_ai_ci;
/*!40101 SET character_set_client = @saved_cs_client */;

--
-- Dumping data for table `patients`
--

LOCK TABLES `patients` WRITE;
/*!40000 ALTER TABLE `patients` DISABLE KEYS */;
INSERT INTO `patients` VALUES (1,'Manuel Uhm','1965-06-14','69 Willow Close, Clitheroe BB7 9QJ',95),(2,'Eymen Gutiérrez','1936-05-18','73 Church Hill, Walkden M38 8FF',22),(3,'Lara Hoa','1939-06-02','26 Water Lane, Manchester M2 6ZH',46),(4,'Hannah Dias','1941-10-13','42 Orchard Close, Oxenhall GL18 1LB',11),(5,'Louis Lim','1992-02-24','38 Albert Street, Yatton Keynell SN14 1TL',62),(6,'Ivan Nand','1946-02-22','31 Springfield Road, Hull HU9 2EB',80),(7,'Santiago De Vries','1968-11-09','3 Silver Street, Todwick S26 8LA',81),(8,'Theodore Gray','1994-11-07','14 William Street, Fowey PL23 2LQ',71),(9,'Matteo Pereyra','1938-10-16','7 Park Road, Hillingdon UB4 3ZU',59),(10,'Luca Jackson','1942-11-09','94 Ash Grove, Colehill BH21 6SX',74),(11,'Valentin Nozadze','1993-10-04','1 Chapel Street, Lancaster LA3 0QS',56),(12,'Jakob Tsoi','1988-02-03','70 Sandy Lane, Walkden M28 2UR',17),(13,'Mariana Veselá','1960-11-27','87 Meadow Close, Bristol BS1 8SL',71),(14,'Pedro Lombardo','1994-05-25','72 Mill Street, Brodsworth DN5 6EY',80),(15,'Charlie O\'Connor','1936-10-15','14 The Square, North Ferriby HU14 8GL',55),(16,'Kadiatou Bajram','1998-04-27','67 Duke Street, Cannock WS11 4GY',44),(17,'Martín Jovanović','1991-01-17','71 Alexandra Road, Camberwell SE21 7SF',88),(18,'Emma García','1933-07-19','30 Queensway, Ulceby DN39 8YB',65),(19,'Clara Grech','1961-02-12','4 Main Street, St Mewan PL26 4JP',63),(20,'Ibrahim Gagnon','1960-08-10','91 The Avenue, Rawmarsh S62 5ET',64),(21,'Ricardo Marić','1992-06-17','52 Station Road, Upper Poppleton YO26 4YT',89),(22,'Anna Baláž','1977-03-16','95 Park Avenue, Tonbridge TN9 8TL',84),(23,'Hasan Murphy','1947-11-01','9 Park Avenue, Denwick NE66 4SY',33),(24,'James Sánchez','1985-03-28','30 Bridge Street, Isles of Scilly TR22 7PJ',29),(25,'Kamal Robinson','1972-03-27','20 London Road, Urmston M41 9JN',95),(26,'Ali Ferraro','1946-06-04','62 Rectory Lane, Dulverton TA22 1LZ',94),(27,'Yamato Ranaweera','1943-07-02','4 Beech Avenue, Horley RH6 6ZE',21),(28,'Alikhan Kiss','1980-08-02','88 East Street, Richmond TW11 2RD',88),(29,'Nazanin-Zahra Katō','1985-09-25','3 Ash Grove, Urmston M41 5RZ',51),(30,'Veronika Đào','1936-10-08','14 The Meadows, Gosforth CA20 8PP',73),(31,'Lara Delemović','1929-12-27','29 Mill Street, Haxey DN9 2DQ',32),(32,'Martina González','1960-01-16','86 High Street, Bryanston DT11 9UQ',71),(33,'Leon David','1929-08-28','2 Vicarage Lane, Byker NE2 6ZR',9),(34,'Tarita Chu','1936-05-08','12 Main Street, Wickham and Dunston NE16 1ZS',57),(35,'Noor Ali','1997-12-31','18 Willow Close, Odiham RG29 7SA',70),(36,'Jónas Bauer','1942-09-14','37 Mill Lane, Brunswick NE13 1DY',34),(37,'Melissa Fontana','1980-03-19','92 Duke Street, Egglescliffe TS16 3XY',98),(38,'Mia Phí','1961-02-11','29 William Street, Malpas SY14 1YD',45),(39,'Andrej Welter','1967-09-11','42 Queensway, Yeovil BA21 1FW',1),(40,'Hoda de Silva','1954-10-11','76 Church View, Manchester M20 5DS',3),(41,'Bader Law','1938-04-11','76 George Street, St Blaise PL24 3PF',77),(42,'Milagrosa Godoy','1934-05-08','3 Main Street, Hammersmith W12 9NU',92),(43,'Dylan Fontana','1951-02-16','96 Chestnut Close, Tickhill DN11 3BY',26),(44,'Charbel Tremblay','2002-12-13','32 St John\'s Road, Halnaby Ave DL2 6TW',69),(45,'Jonas Min','2003-08-14','23 Grange Road, Chadlington OX7 4AQ',40),(46,'Isla Jukić','2001-01-30','60 Victoria Road, Shellingford SN7 0RQ',12),(47,'Oliver Taylor','2003-11-09','89 Park View, Templecombe BA8 4LQ',97),(48,'Maya San','1965-04-25','15 The Spinney, Epsom KT17 4UQ',13),(49,'Qillaq Murati','2002-04-22','22 The Paddock, Croydon CR7 3HD',37),(50,'Noûr D\'Angelo','1942-02-27','20 Cross Street, Pemberton WN5 5YU',87),(51,'Gabriel Williams','1956-06-13','78 Castle Street, Hull HU9 3DA',90),(52,'Liam Singh','1945-08-03','13 Orchard Close, North Lodge DH3 7AJ',34),(53,'Roan Rivera','2001-08-13','10 Meadow Close, Birkenhead CH42 9DF',83),(54,'Aisyah De Smet','1998-12-26','1 Queen Street, Lambeth SW4 4AN',92),(55,'Grace Hoti','1950-08-23','7 Church Hill, Aintree L10 4HB',73),(56,'Angela Kola','2004-05-21','66 Charles Street, Pemberton WN1 6WL',48),(57,'Aleksandar So','1955-07-06','51 Grove Road, Southall UB5 4TF',88),(58,'Rose-Merline Guliyev','1982-10-14','35 Beech Avenue, Coniston LA21 0YH',83),(59,'Pablo Mayr','1974-09-14','17 Silver Street, Isles of Scilly TR24 1RD',77),(60,'Amir Melo','1957-04-06','37 Queen Street, Grantham NG31 1ZP',76),(61,'Jakob Aguilar','1990-06-29','35 Mill Lane, Kirkby Stephen CA17 2DW',95),(62,'Kyra Rusu','1955-12-29','98 Bridge Street, Earswick YO32 9GZ',26),(63,'Ane Bell','1958-04-24','65 Church Street, Weston-Super-Mare BS23 4WD',97),(64,'Mikołaj Tan','2003-12-28','15 Cross Street, Immingham DN40 9WT',30),(65,'Mia Kavaliauskienė','1958-03-04','95 Alexandra Road, Maryport CA15 8BS',87),(66,'Aasha Senanayake','1944-04-24','75 The Grove, Billericay CM12 6EE',24),(67,'Noah Gutiérrez','1997-04-23','2 North Road, Burton LN1 4BR',76),(68,'Daris Hagen','1978-10-29','19 Manor Road, Shadforth DH6 6NG',100),(69,'Sophie Bērziņš','1998-07-03','26 Church View, Huddersfield HD7 2LD',65),(70,'Maria Moser','1967-07-27','55 Duke Street, Helland PL30 5NJ',28),(71,'Saga Shapira','1932-11-19','69 Chestnut Close, Ellingham NE67 3LN',85),(72,'Mia Flores','1935-05-01','86 Church Close, Burton Coggles NG33 0NX',60),(73,'Berrdo Rivera','1938-10-17','36 Vicarage Lane, Scarborough YO12 4GU',27),(74,'Ambre López','1961-12-16','83 Victoria Street, Nawton YO62 2RH',6),(75,'Jude Roh','1993-06-28','16 The Croft, Colyton EX24 7DE',68),(76,'Luciana Szabó','1965-03-15','89 Church View, Stanley DH9 9TP',14),(77,'Mark Ueno','1984-02-02','3 Hill Street, Loftus TS13 8WF',33),(78,'Tommaso Kozłowski','1971-01-18','81 The Croft, Houghton-le-Spring SR3 1HS',9),(79,'Stanisław Angelova','1930-01-20','55 West Street, Boroughbridge YO51 3AH',6),(80,'Henry Hernández','1967-09-24','86 Sycamore Close, Thorlby BD23 2FN',65),(81,'Abdulrahman Morozov','1951-10-09','44 Hall Lane, Garston L19 2YE',56),(82,'Oliver Djurhuus','1934-12-21','45 West Street, Norton S3 7WE',30),(83,'Ariana Pinas','1949-12-21','58 Park Lane, Dorchester DT1 9SF',74),(84,'Jovana Bustamante','1939-04-03','19 Rectory Lane, Southwell NG25 0AA',50),(85,'Abdullo Pang','1993-10-23','62 Church View, Norton S17 0YS',55),(86,'Ahmed Luka','1983-06-12','95 Church Close, Wickham and Dunston NE11 9ES',98),(87,'Mùchén Kwok','1980-08-15','79 Long Lane, Whitchurch RG28 4YS',78),(88,'Charlotte Morel','1972-11-04','69 New Road, Whyteleafe CR3 2JE',21),(89,'Ivan Brahimi','1970-08-12','67 Market Place, Lakes LA22 8GE',87),(90,'Lina Shrestha','1980-08-06','8 Park View, Appleton WA4 8YZ',95),(91,'Emma Bairamovi','1940-05-12','68 Chestnut Avenue, Hull HU9 6EL',32),(92,'Noah Krasniqi','1975-09-03','100 Springfield Road, Newburn NE15 5WD',54),(93,'Dion Koo','1965-08-08','90 Mill Road, Calstock PL18 2SU',77),(94,'Daniels Đurić','1954-02-21','6 Main Road, Sandringham PE35 9DD',31),(95,'Fatoumata Lim','1931-08-04','48 Chestnut Avenue, Wilden MK44 2BS',24),(96,'Adam Saitō','1992-11-30','49 Charles Street, Pemberton M46 1ER',87),(97,'Victoria Ávila','2000-06-22','54 Long Lane, Leyland PR26 8EN',22),(98,'Anahit Ghang','1988-04-28','63 Mount Pleasant, Ringmer BN8 4PB',96),(99,'Mila Lam','1976-10-29','56 London Road, Richmond TW10 9RS',92),(100,'Alexey Azoulay','1960-11-15','32 Chapel Lane, Workington CA14 7JA',15),(101,'Maya Petek','1957-05-24','69 The Square, Halnaby Ave DL2 0FX',57),(102,'Marc Sadykov','1980-11-25','75 Park Street, Ilford IG3 8SA',82),(103,'Julia Garcia','1944-12-10','7 Grove Road, Mirfield WF14 5RA',89),(104,'Dylan Chetry','1933-02-21','12 Manor Close, Stratford E12 2DW',53),(105,'Maya Coi','1978-10-17','64 Sandy Lane, Byker NE2 4XL',33),(106,'Regina Kobayashi','1997-06-14','49 Alexandra Road, Willen MK15 9BS',19),(107,'Jude Moreno','1968-01-08','14 Water Lane, Eltham SE2 7UF',2),(108,'Snezana Seong','2000-06-22','65 Chestnut Close, Yeovil BA20 3TQ',94),(109,'Raphael Jurić','1975-10-06','38 Church Lane, Lewisham SE4 5JE',10),(110,'Florence Scott','1996-01-03','34 Back Lane, Blaydon NE21 0PF',98),(111,'Petar Mortensen','1991-03-13','87 Queensway, Kirklevington TS15 5XN',98),(112,'Hassan Tep','1938-12-28','36 Park Street, Monk Hesleden TS27 0TT',4),(113,'Fatemeh James','1931-09-24','17 York Road, Dinton SP3 7EZ',58),(114,'Youssef Kelly','1960-10-02','39 Back Lane, Bude EX23 4XR',62),(115,'Helmi Koak','1966-03-08','63 Castle Street, Aust BS35 9JR',29),(116,'Louis Yos','1937-07-06','97 The Avenue, Tavistock PL19 2SN',75),(117,'Ali Tomić','1966-04-09','14 Manor Road, Blaydon NE39 0FT',14),(118,'Sophie Murati','2000-06-06','87 Duke Street, Wylam NE41 9AB',99),(119,'Olivia Moreira','1992-06-04','48 Chapel Road, Drybrook GL17 9BT',77),(120,'Naya Sin','1999-05-27','66 Silver Street, Hoylake CH48 9WH',51),(121,'Marija Ji','1945-07-29','74 Station Road, Abbotsham EX39 2SG',42),(122,'Jack Vásquez','1935-07-25','90 Church Close, King\'s Lynn PE30 9NJ',93),(123,'Shaimaa Cortés','1970-07-15','18 Main Street, Camden Town WC1A 7ES',37),(124,'Emily Castañeda','1947-09-23','68 The Spinney, Skelton TS12 9FS',69),(125,'Ida Nikolla','1974-10-24','27 Water Lane, Broughton DN20 2AZ',32),(126,'Beatriz Ben-David','1999-12-03','79 The Green, Hopton ST18 8ZH',16),(127,'María Gonzalez','1969-07-13','1 The Square, Moreton-in-Marsh GL56 0FS',42),(128,'Jan Dervishi','1974-02-07','13 Sandy Lane, Cleator Moor CA25 6TA',48),(129,'Mohammad Leclercq','1991-08-05','94 The Croft, Prudhoe NE42 6GS',47),(130,'Mila Muñoz','1966-06-24','43 Castle Street, Queensbury BD13 5AE',35),(131,'Aadhya Martínez','1973-05-09','46 New Street, Camden Town W1T 3PE',10),(132,'Hannah González','1953-04-17','38 Mill Road, Hutton Mulgrave YO21 4JD',64),(133,'Leo Escobar','1944-10-06','80 Victoria Street, Lynton EX35 8WJ',11),(134,'Adin Meijer','1962-05-30','86 Moor Lane, Westhoughton BL5 7WH',73),(135,'Hugo Caruso','1965-07-22','7 Hill Street, Banwell BS29 1TE',86),(136,'Maria Kuqi','1976-04-01','72 Ash Grove, Willenhall WV12 9LD',23),(137,'Aleksandra Ibraev','1968-11-04','52 Charles Street, Bradwell Abbey MK8 6FT',18),(138,'Sara Tamang','1957-10-01','25 Queensway, Bremhill SN15 3XY',8),(139,'Oisín Sánchez','1992-10-01','65 School Lane, Whyteleafe CR6 9UT',18),(140,'Lucas Ok','1931-12-09','85 Queensway, Birkenhead CH63 0JU',41),(141,'thaniel Chung','1981-11-13','12 Chapel Street, Stafford ST17 7RB',44),(142,'Artiom Ruiz','1958-10-25','60 Wood Street, Washington NE38 0YG',85),(143,'Dalal Davis','1933-11-29','10 Victoria Street, Owston DN6 5ST',65),(144,'Artem Lynch','1970-11-07','67 Charles Street, Hammersmith SW6 5EZ',37),(145,'Oisín Poghosyan','1987-01-07','49 The Drive, Sturminster Newton DT10 3GS',97),(146,'Livia Gwon','1956-09-17','55 Park View, Macclesfield SK9 4PG',15),(147,'Mila Gashi','1930-01-22','82 Albert Street, Loftus TS13 8PY',14),(148,'Hanna Díaz','2003-07-23','81 South Street, Little Torrington EX38 6ZP',97),(149,'Lía Singh','1949-07-06','31 The Street, Bristol BS14 1NH',8),(150,'Aysel Watanabe','1945-05-02','45 Long Lane, Peterlee SR8 3XS',99),(151,'Thiago Andreassen','1998-07-20','91 Alexandra Road, Wylam NE41 5WR',49),(152,'Matěj Inoue','1931-12-04','14 Meadow Close, Chorleywood WD3 1BR',31),(153,'Ahmed Laine','1939-12-24','61 Bridge Street, Islington EC1M 0US',59),(154,'Theodore Lee','1930-12-04','71 Manor Close, Longbridge Deverill BA12 4NR',74),(155,'Sofiya Jiménez','1994-12-22','7 Bridge Street, Stamford PE9 7GP',79),(156,'Maxim Klein','1938-05-01','42 Silver Street, Longbenton NE12 1RT',33),(157,'Daniela Lungu','1996-07-06','92 Park View, Hardhorn and Thornton FY7 1ZX',51),(158,'Emma Ivanoŭ','1975-05-24','54 The Paddock, Hastings TN38 9LD',96),(159,'Emma Levy','1951-04-17','85 Castle Street, Birkenhead CH63 1XE',15),(160,'Liam Campbell','2003-12-25','9 Alexandra Road, Wickham and Dunston NE11 8YT',98),(161,'Alexander De Graaf','1937-01-08','95 South Street, Coalville LE67 5QS',60),(162,'Emma Davidov','1949-09-25','53 Queen Street, Ampney St Mary GL7 1ZA',8),(163,'Ali Jacobsen','1964-05-31','28 Alexandra Road, Padstow PL28 4TQ',77),(164,'Reema Aguilera','1951-09-25','14 Brook Street, Byker NE6 4EX',36),(165,'Zahra Trajanovski','1971-01-18','4 East Street, Hull HU7 9RG',35),(166,'Teva Michel','1954-12-31','38 Wood Street, Braunton EX33 3PH',68),(167,'Ahmed Vuković','1937-07-25','28 Hall Lane, Lcp Stanhope and Wolsingham Parishes And DL14 8HH',85),(168,'Noor Poulsen','1961-12-04','85 Church Close, Aldershot GU11 3WQ',52),(169,'Amelia Ruíz','1983-01-08','36 Cross Street, Queensbury BD6 3FB',27),(170,'James Đoàn','1940-11-01','4 Back Lane, Wedmore BS28 6QD',42),(171,'Olivia Pérez','1968-04-15','39 High Street, Harlow CM18 3AY',24),(172,'Samantha Martínez','1979-08-19','52 Silver Street, Romford RM5 3WW',59),(173,'Noemí Ma','1966-06-08','25 William Street, Croft WA3 2WB',72),(174,'Lydia Mkrtchyan','1933-01-09','67 North Street, High Bickington EX37 1GU',1),(175,'Leah Álvarez','1987-01-16','62 Grange Road, Bristol BS3 0JQ',77),(176,'Leo Rossetti','1944-11-23','75 Queen\'s Road, Birkenhead CH46 7FE',5),(177,'Mateo Tang','1940-09-21','5 East Street, Queensbury BD4 6BP',90),(178,'Nika Pak','1937-11-15','3 Queensway, Huddersfield HD4 1DU',20),(179,'Hosniya Georgiev','1941-08-16','45 London Road, Nailsea BS48 0UH',58),(180,'Lin Evans','1941-02-03','68 Silver Street, Bexley DA15 1RD',82),(181,'Nikolaos Hysi','1936-10-11','33 The Close, Tonbridge TN11 9PU',84),(182,'Carmen Kapanadze','2003-01-05','49 Park Street, Dursley GL11 7HJ',42),(183,'Lukas Im','1990-04-30','76 Hill Street, Kingswood BS16 5WR',63),(184,'Evgeny Marino','1999-07-23','73 Main Road, Egremont CA24 1LS',41),(185,'Abdulaziz Matsuda','1931-11-22','9 St John\'s Road, Ledbury HR8 6FY',16),(186,'Emely Lynch','1935-07-12','66 Manor Close, Halifax HX6 6DJ',30),(187,'Kamal Toskaj','1973-03-15','63 Queensway, Linwood LN8 3UJ',79),(188,'Zahra Shkreli','2003-07-20','75 Mill Road, Axminster EX13 6LN',62),(189,'Elene Mikkelsen','1990-09-20','40 Springfield Road, Clevedon BS21 7TL',71),(190,'Camille Gelashvili','1990-03-24','26 Park View, Canterbury CT6 5LT',96),(191,'Thomas Ramírez','1931-09-07','18 Edward Street, Bembridge PO35 5ER',40),(192,'Naïm Wong','1999-07-13','91 Silver Street, Staines TW15 4JY',18),(193,'Wen-Hsiung Huang','1934-04-29','65 Queen Street, Lostwithiel PL22 3UQ',42),(194,'Eva De Smet','1958-05-10','24 Green Lane, Denwick NE66 2TE',85),(195,'Mohammad Young','1951-07-07','45 Chestnut Close, Lancaster LA4 7XB',43),(196,'Heitor Popescu','1936-01-25','14 Church Road, Bishops Waltham SO32 3TH',18),(197,'Sophia Trần','1972-09-17','59 Meadow Close, Hunshelf S36 7XZ',51),(198,'Vaea Ursu','1952-01-01','5 Mill Road, Westminster WC2E 7EX',10),(199,'Lea Prakash','1993-04-30','69 School Lane, Hull HU7 9GW',6),(200,'Barbara Johnson','1938-03-07','75 Orchard Close, Dorking KT23 9EF',18),(201,'Hana Stojanović','1981-10-06','17 Church Street, Oswestry SY11 7UA',16),(202,'Oliver Molnár','1981-10-23','10 St John\'s Road, Ashton-under-Lyne SK16 2QP',72),(203,'Nikodem Li','1937-12-01','92 The Street, Catton YO41 0HW',81),(204,'Goran Yokoyama','1962-04-09','89 The Street, Grindon TS22 0LF',7),(205,'Daniel Chávez','1975-11-04','96 Rectory Lane, Ashton-under-Lyne OL6 8HZ',17),(206,'Gunel Dizon','1939-07-09','67 Grange Road, Houghton-le-Spring SR4 8ZQ',4),(207,'Katla Lehtinen','1993-11-25','85 Albert Road, Totnes TQ9 9QY',58),(208,'Valentina Wolf','1956-05-16','73 Chapel Road, Stanhope DL13 5RF',47),(209,'Isla Taing','1982-10-16','38 Market Street, Castletown SR5 9QG',49),(210,'Isabella Bogdanov','1991-10-18','54 Queen Street, Stanhope DL13 8QS',99),(211,'Hashem Benedetti','1947-11-06','100 Victoria Road, Egglescliffe TS16 2SP',9),(212,'Abdullah Wójcik','1995-10-17','18 Alexandra Road, Manchester M9 3ZB',51),(213,'Theodore Ivanovski','1950-03-04','45 New Road, Longbenton NE12 5XU',36),(214,'Filip Morel','1988-08-22','88 The Close, Yealmpton PL8 5WU',29),(215,'Ali Asaf Ranaweera','1962-07-16','9 Orchard Close, Kingston Upon Thames KT1 1EG',82),(216,'Eisha de Silva','1973-06-24','4 The Meadows, Eccleshall ST21 8LF',23),(217,'Venla Tkachenko','1929-06-23','39 Orchard Close, Frodsham WA6 4SD',41),(218,'Lucas Joy','1969-02-09','84 Vicarage Lane, Muncaster CA18 8QW',17),(219,'Bence Cho','1954-04-25','13 School Road, Lambeth SW9 3PZ',82),(220,'Lucía Soria','1965-10-13','30 Chapel Street, Bristol BS2 0QU',28),(221,'Toivo James','1962-11-08','87 The Spinney, Beckermet CA21 2BH',3),(222,'Vusal Carvalho','1991-10-04','24 John Street, Manningford SN9 2UY',62),(223,'Martin Chang','1991-01-30','24 Mill Lane, Bidford-on-Avon B50 9YR',23),(224,'Jovana Barbosa','1952-10-29','19 Victoria Road, Belford NE70 0QD',98),(225,'Rin Tkachenko','1993-09-13','81 Wood Lane, Heswall CH60 0XD',87),(226,'Islande Estrada','1998-10-31','36 Park View, Selby YO8 4XP',6),(227,'Elyas Huáng','1971-08-01','92 Union Street, Driffield YO25 6JG',32),(228,'Angeline Vieira','1956-02-11','4 Water Lane, Prestbury GL52 4HU',62),(229,'Athanasios Özkan','1960-12-16','27 The Crescent, Poplar E3 1DY',82),(230,'Luka Dekker','1970-03-12','51 Mill Road, Carlisle CA2 7DQ',51),(231,'Stevenson Waage','1942-03-04','49 Manor Close, Brampton CA8 7WQ',5),(232,'Maria Taylor','1970-11-03','82 The Square, Bath BA1 1XG',68),(233,'Adam Hoxha','1936-05-21','64 Orchard Close, Manchester M22 3UP',17),(234,'Noa Sharma','1994-09-13','81 Mount Pleasant, Rawtenstall OL13 0NF',43),(235,'Amaia Kwiatkowski','1985-08-22','16 School Road, Freckleton PR4 0SY',43),(236,'Mustafa Aguilar','1968-10-07','36 West Street, Ashton-under-Lyne OL6 9WW',22),(237,'Ali Morales','1960-01-06','28 Church View, Burnhope DH8 6ZB',14),(238,'Carolina Choa','1957-09-23','41 East Street, Enfield EN1 3LY',88),(239,'Julia Tsoi','1963-07-29','30 Back Lane, Wadhurst TN5 8NX',40),(240,'Lina Benali','1942-09-22','70 Church Road, Blaydon NE39 3HQ',47),(241,'Finn Balogh','1937-10-06','51 Manor Road, Settrington YO17 8PD',32),(242,'Fatma Gentile','1955-10-12','42 Park Avenue, Redbourn AL3 6DQ',24),(243,'Aariz Estrada','1930-02-23','22 East Street, Hounslow TW13 4XY',10),(244,'Marija Ponce','1945-12-14','59 Mill Lane, Wick WR10 0TE',16),(245,'Aviana Garcia','1941-10-07','3 Park Street, Birchwood WA2 1ZT',87),(246,'Maria Sepúlveda','1953-12-13','90 St John\'s Road, Cottingham HU16 9NB',80),(247,'Mädïna Lín','2002-05-03','28 Cross Street, Norton S4 9UD',55),(248,'Paraskevi Vuković','1942-05-10','69 The Meadows, Bridlington YO15 8YY',55),(249,'Somchai Matsumoto','1952-08-03','42 Mill Road, Norton S10 4JG',39),(250,'Nikola Aliyev','1941-12-11','19 Manor Road, Ringwood BH24 1NS',13),(251,'Shu-chuan Tsay','1968-10-07','44 Church Road, Wetheral CA4 4UB',51),(252,'Lan O\'Byrne','1959-04-30','24 Vicarage Road, Warkton NN14 9EX',76),(253,'Tapuarii Ahmetov','1975-12-29','35 Castle Street, Ellesmere Port CH66 6JH',56),(254,'Souleymane Abbasov','1942-02-14','48 Sycamore Close, Ilminster TA19 2AR',71),(255,'Vesna Correia','1929-09-02','98 Queensway, Burnham-on-Sea TA8 0SJ',75),(256,'Olivia Morales','1935-02-27','38 Cross Street, Kingswood BS15 9AQ',11),(257,'Angelo Murati','1996-07-05','95 The Spinney, Maryport CA15 1GZ',45),(258,'Karine Martínez','1966-02-08','20 Wood Street, Ashton-under-Lyne M43 2FJ',41),(259,'Krishna Kumara','1933-12-18','56 Castle Street, Brockham RH3 2TH',78),(260,'Sofiya Karjalainen','1941-10-24','47 Highfield Road, Queenborough ME11 8YX',84),(261,'Rowan Nepali ','1994-03-22','92 The Grove, Abbotsham EX39 3XH',11),(262,'Isla Yosef','1962-05-10','70 William Street, Corbridge NE45 5SE',85),(263,'Anastasiya Kinoshita','1991-12-16','38 Church Close, Skelton TS12 9HX',9),(264,'Dunja Chang','1996-07-03','54 West Street, Broomhaugh and Riding NE44 0NF',49),(265,'Anna Wagner','1935-08-13','54 Mill Street, Upper Arley DY12 8PJ',16),(266,'Abdoulaye Laitinen','1939-07-06','80 Vicarage Lane, Westminster SW1E 5UT',2),(267,'Eithan Castro','1985-09-29','61 East Street, Freckleton PR4 2AW',45),(268,'Emma Velásquez','1991-11-05','38 Manor Road, Great and Little Broughton TS9 3FZ',27),(269,'Oisin Prasad','1959-10-24','25 James Street, Denwick NE66 4GL',69),(270,'Armen Valdez','1930-08-14','68 York Road, Gillingham SP8 1WS',74),(271,'Shaikha Araya','1929-05-17','67 Brook Street, Ellingham NE67 2SP',7),(272,'Martín Rivero','1965-02-10','88 London Road, Badby NN11 7YL',79),(273,'Tamar Madrigal','1933-01-07','89 Market Street, Macclesfield SK11 4XS',15),(274,'Agustina Cook','1934-05-02','93 Moor Lane, Houghton-le-Spring DH4 7QD',57),(275,'Ayşa Seng','1958-09-05','51 London Road, Cosgrove MK19 5DX',76),(276,'Lucía Rodríguez','1934-11-21','100 Mount Pleasant, Cotherstone DL12 0GB',85),(277,'Sofia Rivera','1955-07-23','71 The Paddock, Cranleigh GU6 1TY',21),(278,'Vedant Todorova','1993-12-28','66 New Street, Camden Town WC1R 0GE',2),(279,'Carl Kastrati','2002-08-26','55 North Street, Alcester B49 0UU',23),(280,'Patricia Díaz','1951-12-09','40 Mount Pleasant, North Lodge DH3 6ND',14),(281,'Umar Orellana','2002-11-18','80 The Close, Norton S9 3EJ',35),(282,'Ayesha Abdrahmanov','1932-10-30','52 Victoria Road, Aintree L10 0BT',83),(283,'Ren Pariyar','2003-01-29','97 Mount Pleasant, Boston Spa LS23 7WZ',81),(284,'Ali Mendis','1990-03-02','66 Chapel Lane, Lancing BN15 3SL',21),(285,'Abdallah Sharma','1964-07-31','12 The Square, Berkeley GL13 0GE',42),(286,'Ali Rebane','1962-04-28','89 Duke Street, Bamburgh NE69 0RQ',69),(287,'Saliha Bertrand','1971-08-06','46 Manor Road, Egglescliffe TS16 5RU',47),(288,'Gabriel Rosario','1943-12-11','9 Highfield Road, Washington NE38 8QT',9),(289,'Ahmad Benedetti','1987-05-22','34 The Square, Blaydon NE39 2NA',98),(290,'Lethabo Carter','1933-01-19','64 Mill Street, Norton S10 9WX',80),(291,'Sophie Chen','1935-12-18','97 Wood Street, Lambeth SW8 2WU',92),(292,'Amir Acosta','1960-08-12','83 King Street, Corbridge NE45 2YP',99),(293,'Lena Luó','1953-06-11','26 Chestnut Close, Broomhaugh and Riding NE44 0DA',36),(294,'Thiago Ryan','1983-09-11','19 Highfield Road, Clayton BN6 6TQ',19),(295,'Sienna Babić','1941-02-22','50 Mill Road, Lewisham SE6 3GU',53),(296,'Ion Laurent','1963-06-17','72 Water Lane, Sandbach CW11 2SJ',72),(297,'Yìchén Esposito','1963-11-10','3 Park Road, Dewsbury WF15 3PZ',90),(298,'Viktor Benítez','1975-09-02','20 Park Lane, Upton BH16 0RL',11),(299,'Taha Kollár','1949-02-09','65 Main Street, Northampton NN1 6BW',60),(300,'Emmanuel Aivaliotis','1957-03-21','60 Silver Street, Bristol BS6 6TJ',1),(301,'Konul Wood','2001-04-08','30 Orchard Close, Dewsbury BD19 1SA',6),(302,'Richard Novikov','1973-03-21','97 Church Hill, Corringham DN21 7HQ',50),(303,'Oscar Díaz','2000-07-14','45 William Street, Burstwick HU12 9ZQ',80),(304,'Harun Mchedlishvili','1996-09-12','8 Cross Street, Lyndhurst SO43 7TN',96),(305,'Fatemeh Ahmetov','1948-10-17','62 Chapel Lane, Frodsham WA6 8RU',38),(306,'Elyas Torres','1986-01-15','82 Market Place, Egremont CA24 3UD',15),(307,'Daniel Longo','1937-12-12','70 The Avenue, West Bromwich B64 1QY',44),(308,'Guðrún Stoica','1937-10-31','12 Church Hill, Wednesfield WV10 9TQ',44),(309,'Nuka Scheving','1988-04-24','100 Beech Avenue, Chesham HP5 8PY',18),(310,'Bismah Díaz','2001-05-14','26 Sandy Lane, Camberwell SE24 8XX',37),(311,'Jerónimo Castro','1994-08-27','87 Mill Lane, Isles of Scilly TR21 5BZ',71),(312,'Lucas Juárez','1944-05-05','59 North Street, Manchester M60 4AG',95),(313,'Mariam Choy','1993-08-31','22 The Avenue, Brunswick NE13 3XQ',49),(314,'Hana Rodríguez','1973-12-10','70 Rectory Lane, Barnstaple EX32 6GX',74),(315,'Gabriel Shevchuk','1978-03-01','63 Green Lane, Queensbury BD12 6GP',30),(316,'Hur Popović','1939-05-19','79 Sycamore Close, Ashton-under-Lyne OL7 3UU',41),(317,'Millie Paik','1966-01-20','11 Moor Lane, Denham Green UB9 0WL',19),(318,'Ivan Hur','1964-02-05','3 Manor Road, Bristol BS3 0HR',1),(319,'Raya O\'Neill','1984-11-04','52 Brook Street, Ampney St Mary GL7 3SZ',58),(320,'Mohammad Santos','1983-10-18','32 Springfield Road, Dawlish EX7 5YB',1),(321,'Althea Sandoval','1952-06-10','32 James Street, Bigby DN38 1YA',76),(322,'Emma Meyer','1939-12-01','32 Chapel Road, Hebden Royd HX7 7PG',67),(323,'Leonardo Morozov','1933-11-05','7 John Street, Peacehaven BN10 2YU',96),(324,'Lía Moretti','1931-04-04','22 Church Hill, Kirkburton HD8 7NA',90),(325,'Muhammed Pavić','1991-07-01','54 Main Street, Bromley BR1 2EA',10),(326,'Ana Jovanović','1979-07-10','50 Manor Close, North Sunderland NE68 1ZB',98),(327,'Riko Tóth','1963-04-20','62 Hall Lane, Pemberton M29 8DJ',5),(328,'Moussa Lương','1932-05-15','84 Church Hill, Keighley BD21 9QL',80),(329,'James Sáez','1992-10-19','51 Beech Avenue, Bishops Sutton SO24 8SN',21),(330,'Elizabeth Ramírez','1956-11-29','8 Station Approach, Norton S4 5GW',55),(331,'Richard Moreau','1958-05-25','100 New Road, Rotherfield Greys RG9 9FE',19),(332,'Hugo Salazar','2003-05-26','80 Mill Road, Shaftesbury SP7 9UY',91),(333,'Omar Romeo','1996-04-16','11 Ash Grove, Westminster W1B 7EH',2),(334,'Niel Perera','2002-08-30','97 Rectory Lane, Newburn NE5 1FH',98),(335,'Matei Ivanov','1962-12-17','46 Ash Grove, Middleton M24 8TU',87),(336,'Aya Farkas','1934-09-10','92 Rectory Lane, Bryanston DT11 9NW',1),(337,'Ava Ali','1985-10-27','58 The Meadows, Barnstaple EX32 0LD',25),(338,'Mark Camacho','1963-02-16','90 Park Avenue, Somerton TA11 8JQ',11),(339,'Carolina Hofer','1967-04-10','40 School Lane, Crewe CW2 9HL',83),(340,'Tarita Segal','1971-09-17','78 The Spinney, Shrewsbury SY2 9ZA',44),(341,'Mateo Takaki','1993-06-24','26 Albert Street, Redcar TS10 5ZD',9),(342,'Agnes Hé','1951-02-10','94 Union Street, Ealing W3 4RS',59),(343,'Mùchén Rodriguez','1930-04-08','44 Queensway, Denwick NE66 3YT',85),(344,'Oscar Muñoz','1989-11-01','39 New Street, Esh DH7 5PE',7),(345,'Filip Hoa','1930-12-26','39 Charles Street, Pickering YO18 5SA',64),(346,'Sólja Rodríguez','1946-04-18','72 The Crescent, West Bromwich B70 4TX',44),(347,'Sōma Sharma','1948-01-31','87 Chapel Street, Colburn DL9 6AB',20),(348,'Anna Peña','1969-06-05','62 Manor Road, Denny Lodge SO42 4QR',96),(349,'Nil Yokoyama','1947-03-02','27 Church Lane, Conisbrough DN12 5EW',26),(350,'Damian Perera','1976-07-16','81 The Orchard, Antony PL11 8TG',11),(351,'Wilson Villa','1975-06-02','44 Sycamore Close, Westminster W1J 0EG',37),(352,'Jokūbas Djurhuus','1981-09-02','55 Vicarage Lane, Southport PR8 7DA',48),(353,'Abdulrahman Ōta','1939-03-01','21 Wood Street, Houghton-le-Spring DH4 4NF',7),(354,'Batkhaаn Abdullayev','1968-05-18','31 Moor Lane, Hastings TN38 6EY',19),(355,'Nil Kovač','1988-08-19','15 New Road, North Sunderland NE68 0EP',49),(356,'Yǔzé Žukauskienė','1942-07-05','73 William Street, Weymouth DT4 9FU',86),(357,'Chih-ming Watson','1981-08-01','99 George Street, Hedge End SO30 1SB',70),(358,'Mia Tang','1947-05-21','28 Green Lane, Barnstaple EX31 0LS',63),(359,'Anar Oláh','1977-03-04','65 Chapel Lane, Shellingford SN7 5LP',19),(360,'Juana Coi','1975-04-11','29 Church Lane, Brent HA9 6FW',10),(361,'Michal Wagner','1995-08-17','41 New Road, Stocksfield NE43 4EE',9),(362,'Teura Palma','2000-09-24','58 Mill Street, West Bromwich B43 6NL',16),(363,'Adam Scheving','1977-03-09','24 Cross Street, Hetton DH5 8SR',36),(364,'Aasha Markovski','1956-09-03','18 Vicarage Lane, Hitchin SG6 4QW',24),(365,'Kairo Klein','1958-04-19','28 South Street, Winchester SO23 1SG',13),(366,'Maksym Jo','1929-10-27','62 Albert Road, Prudhoe NE42 6XG',9),(367,'Hugo Lovrić','1977-04-10','88 Springfield Road, Cottingham HU16 3JQ',20),(368,'Theo Kovács','1997-07-11','44 South Street, Belford NE70 8NL',99),(369,'Evens Lie','2001-01-19','15 The Crescent, Queensbury BD2 2HG',55),(370,'Mihail Bailey','1950-03-13','59 The Orchard, Barrow-Upon-Humber DN19 5RB',80),(371,'Tomás Lee','1955-05-22','22 Grove Road, Gildersome LS27 9TL',20),(372,'Junior Herrera','1981-01-10','77 Chapel Lane, Godalming GU7 9NB',12),(373,'Matyáš Christiansen','1930-12-27','40 Mill Lane, Deeping St James PE6 2ZU',66),(374,'Bismah Pereira','1956-08-21','38 The Street, Hounslow TW14 0FU',10),(375,'Aron Díaz','1985-06-02','52 New Road, Blaydon NE17 4YU',98),(376,'Nikolaos Kawano','1964-10-05','43 New Street, Dorchester DT1 3YD',1),(377,'Victoria Castro','1962-11-26','78 Manor Road, Blaydon NE39 7FN',100),(378,'Jakob Hashimoto','2003-09-19','59 The Grove, Halifax HD6 0PA',39),(379,'Minato Cox','1981-06-18','64 North Road, North Muskham NG23 0RY',76),(380,'Ahmed Thorlacius','1942-05-31','20 Park Street, Harewood LS17 0BN',26),(381,'Maria Szymański','1960-01-14','50 Chestnut Avenue, Waverton CA7 2YQ',22),(382,'Aitana Nanayakkara','2000-08-18','81 Chapel Road, Darwen BB1 3DY',3),(383,'Yasmine Hagen','1958-06-01','72 Sandy Lane, Kirkby L33 1PB',87),(384,'Doha Šarić','1982-07-15','15 The Crescent, Cottingham HU16 9ZP',39),(385,'Nora Malcah','1995-02-28','100 The Meadows, Stoke St Mary TA3 3AZ',74),(386,'Ivaana Angelova','1989-06-09','24 James Street, Colyton EX24 5YT',97),(387,'Agustina Ramos','1941-02-09','23 Union Street, Morpeth NE61 6SJ',9),(388,'Marcia Lefebvre','1960-09-18','12 Rectory Lane, Ottery St Mary EX11 0UL',97),(389,'Hassan Morais','1931-09-28','59 Grange Road, Stamford PE9 3NY',79),(390,'Emma García','1998-05-12','19 Queen Street, Uckfield TN22 0XZ',12),(391,'Dominykas Liyanage','1986-08-17','64 New Road, Pemberton WN2 2XY',22),(392,'Danijel Almeida','1974-11-09','85 George Street, Manningford SN9 8DJ',75),(393,'Daria Senanayake','1956-05-03','16 George Street, Lancaster LA1 4DX',41),(394,'Emma Jeong','1964-05-19','50 King Street, Grindon TS22 5NN',99),(395,'Anastasia Đorđević','1955-06-04','2 Mount Pleasant, Frodsham WA6 7RY',73),(396,'Sienna Kim','1985-11-25','48 Station Road, Gilmorton LE17 6EL',76),(397,'Jack Rojas','1982-05-24','79 Park Lane, South Brent TQ10 1WQ',75),(398,'Emilia Monteiro','1933-12-16','9 Manor Road, Northampton NN4 3QB',50),(399,'Anna Eriksson','1944-11-29','92 Brook Street, North Sunderland NE68 4RP',14),(400,'Maria Christensen','1984-10-08','33 Back Lane, Abbots Langley WD5 2LX',31),(401,'Manish Maharjan','1941-06-27','85 Queen Street, Dingley LE16 8HT',60),(402,'Liam Nikolovski','1955-08-03','35 Sandy Lane, Airmyn DN14 4HD',90),(403,'Hasan Zariņš','1957-06-22','72 Wood Street, Poplar E1W 1XW',82),(404,'Amelia Clarke','1978-06-12','87 Water Lane, Enfield N21 6SN',10),(405,'Aleksandr Ông','1963-07-22','74 Rectory Lane, Grindon TS22 3HA',100),(406,'Lydia Yu','1984-01-04','92 Park View, Wandsworth SW12 2ES',37),(407,'Marta Andō','1971-01-01','92 Moor Lane, Spennithorne DL8 5JG',65),(408,'Frida Muñoz','1952-03-21','50 William Street, Lynton EX35 6EU',29),(409,'Antoni Ma','1993-05-20','81 Duke Street, Bamburgh NE69 4PP',4),(410,'Anna Henríquez','2003-09-11','22 Station Approach, Haydon Wick SN25 1WX',97),(411,'Saqib Laine','1930-08-13','10 School Lane, Caistor LN7 8SX',79),(412,'Livia de Leon','1981-01-22','3 Alexandra Road, Poplar E1W 8NY',2),(413,'Eva Naidu','1992-02-08','54 Union Street, Ulverston LA12 1GS',73),(414,'Timofey Ivanov','1951-01-24','23 South Street, Ashton-under-Lyne SK14 0NJ',95),(415,'Fahd Schroeder','1982-08-21','23 Hall Lane, Henfield BN5 0HR',78),(416,'Eva Ryan','1964-11-04','86 Ash Grove, Willenhall WS3 0GN',23),(417,'Ella Martínez','1933-10-08','9 North Street, Greenwich SE3 6NN',82),(418,'Valeria Sok','1988-02-18','85 George Street, Redruth TR16 2XY',11),(419,'Omar García','1953-04-03','68 Wood Street, Crewe CW1 6LN',45),(420,'Eliška Pedersen','1935-04-28','28 Vicarage Lane, Lancaster LA3 8LZ',41),(421,'Mia Peña','1949-01-05','7 Silver Street, Ripley DE5 9YT',66),(422,'Hugo Thy','1972-03-29','73 North Street, Lancaster LA3 9LN',56),(423,'Milan Nan','1938-02-16','47 Chapel Road, Weston Turville HP22 0LT',40),(424,'Amina Mamedovi','1988-08-04','35 Church Close, Little Shelford CB22 0YZ',24),(425,'Mateo David','1991-03-03','81 Moor Lane, Arundel BN18 8WP',70),(426,'Giulia Toy','1934-03-17','3 Church Lane, Haxey DN9 9BP',39),(427,'Daniel Montes','1988-02-27','19 High Street, Spennymoor DL16 2JQ',99),(428,'Gordana Seoh','1932-01-24','84 Windsor Road, Sowerby YO7 8BN',65),(429,'Farah Markoski','1959-01-26','23 Back Lane, Halifax HX6 5NX',80),(430,'Frida Ilić','1991-09-27','7 Grove Road, Congleton CW12 2BL',48),(431,'Luca Riquelme','1945-05-19','39 Park View, Blyth NE24 3YF',99),(432,'Martín Lindberg','1992-01-12','91 Mill Lane, Horncastle LN9 7TX',76),(433,'Tim Rose','1976-10-29','21 Water Lane, Southwell NG25 8XQ',79),(434,'Kabita Andreassen','1936-04-01','72 Park Avenue, Ilfracombe EX34 0WH',75),(435,'Florence Keo','1929-10-08','3 George Street, Clifford HR3 1NB',16),(436,'Leo Vang','1945-11-22','11 High Street, Manchester M8 3DG',51),(437,'Mikael Simon','1931-08-01','74 Church Road, Keighley BD21 4WZ',67),(438,'Georgi Park','1966-05-25','100 The Street, Easingwold YO61 9SU',90),(439,'Gamalat Özdemir','1972-08-27','36 Mill Lane, Hook RG27 5FN',18),(440,'Ali Cavalcante','1941-04-16','38 Park Avenue, Lymm WA13 5SN',5),(441,'Ali Schmidt','1988-03-13','71 The Square, Harrogate HG2 0WX',6),(442,'Zeynep Hovhannisyan','1981-05-05','6 The Orchard, Wylam NE41 7XU',7),(443,'Daria Ko','1961-09-09','50 Springfield Road, Bridlington YO15 5FW',30),(444,'Emma Fischer','1970-03-09','77 Church Close, Grimston LS24 6AR',90),(445,'Lian Gjoni','1995-08-13','63 Chapel Road, Lancaster LA3 3DP',46),(446,'Daniel Wagner','1953-08-05','97 The Drive, Plympton PL7 2EW',1),(447,'Yousef Lovrić','1993-09-26','33 James Street, Macclesfield SK10 0XU',95),(448,'Luciana Đorđević','1998-10-25','86 Queen\'s Road, Warfield RG42 2DD',40),(449,'Olivia Rozman','1952-06-08','45 Queensway, Dalton-le-Dale SR7 2SS',33),(450,'Katla Bizjak','1987-11-08','49 Sandy Lane, Upton CH2 7YX',17),(451,'Uta Wojciechowski','2000-03-03','23 New Street, Castleton DT9 7NT',75),(452,'Ibrahim Gál','1994-03-19','83 Church Hill, Dursley GL11 5YU',68),(453,'Carlos Aliev','1997-09-25','35 Chapel Street, Leatherhead KT21 0LQ',12),(454,'Kaia Castillo','1949-08-30','76 Sandy Lane, Melksham SN12 8PE',63),(455,'Annie Sánchez','1968-02-14','83 Station Road, Norton S4 7PG',20),(456,'Martín David','1959-11-03','74 Chapel Street, Bidford-on-Avon B50 5PU',16),(457,'Mía Jacobsen','1993-11-10','91 King Street, Colehill BH21 6TS',71),(458,'Hussa Vargas','1944-11-27','86 Vicarage Lane, Kendal LA9 1UE',5),(459,'Mattia Gunawardena','1934-11-24','40 Albert Road, Huntingdon PE29 1JT',93),(460,'Alice Fuentes','1982-06-22','82 Hill Street, Loftus TS13 1SF',49),(461,'Afonso Lim','1932-12-28','47 Duke Street, Arlecdon CA26 8RR',43),(462,'Petar Kovalenko','1985-02-24','84 William Street, Biddulph ST8 6WF',44),(463,'Peter López','1979-08-31','52 Silver Street, Stamfordham NE18 8YY',34),(464,'Filip Uch','1948-03-11','96 Chestnut Close, Harewood LS17 4WG',61),(465,'Mia Salinas','2004-03-15','31 George Street, Amersham HP7 5PZ',78),(466,'Daniels Avetisyan','1935-04-15','13 Victoria Road, Sutton in Ashfield NG15 2XQ',60),(467,'Nora Weerasinghe','1969-05-03','81 The Close, Driffield YO25 2HU',6),(468,'Frida Urbonienė','1954-04-18','58 York Road, Bridgwater TA6 1NZ',97),(469,'Maryam Yau','1929-06-06','9 Park Road, Thornton-le-Clay YO60 5GF',32),(470,'Ayesha Dvořák','1961-06-27','83 Meadow Close, Upper Poppleton YO26 7RQ',39),(471,'Stefan Çetin','1939-11-23','75 The Green, Henley-in-Arden B95 4EW',23),(472,'Bruno Kurt','1949-11-09','54 School Road, Caton LA2 3UD',73),(473,'Felix Radu','1963-03-15','59 The Meadows, Spratton NN6 6PW',60),(474,'Alexander Fekete','1978-10-08','97 Market Place, Brunswick NE13 8DW',57),(475,'Tróndur Estrada','1995-10-18','63 The Avenue, Cheltenham GL50 3HL',63),(476,'Margaret Méndez','1939-05-26','99 Manor Close, Brockham RH3 3RP',84),(477,'Sofía Correia','1965-01-20','12 London Road, Nawton YO62 8QG',80),(478,'Konstantinos Bustos','1998-05-15','38 Back Lane, Hutton Mulgrave YO21 9AD',30),(479,'Raul Saavedra','1953-05-17','83 North Road, Hillingdon UB4 3AQ',37),(480,'Brahim Polishchuk','1995-10-03','25 Back Lane, Halifax HX3 2AJ',32),(481,'Ian Jukić','2000-04-14','70 Rectory Lane, Guisborough TS14 0RX',36),(482,'Ali Bernardi','1987-08-20','21 Church Lane, Camberwell SE16 5DX',53),(483,'Ambre Lindberg','2001-07-17','39 Sycamore Close, Burwash TN19 7ER',70),(484,'Chloe Mattila','1937-06-29','24 The Avenue, Swanage BH19 3UP',71),(485,'Isabella Gallo','1963-01-31','17 Cross Street, Elsdon NE19 2YD',47),(486,'Maryja Baláž','1929-08-23','51 Park Avenue, Horton Kirby DA4 7DN',13),(487,'Ema Iû','1996-09-25','46 Union Street, Marske DL11 8BU',27),(488,'Djeneba Díaz','1979-06-05','75 Grange Road, Kirkburton HD8 5FX',20),(489,'Aleksandra Sung','1946-02-19','59 Park Road, Great Gonerby NG32 5SZ',50),(490,'Anna Jiménez','1962-09-04','67 Green Lane, South Brent TQ10 2QL',71),(491,'Juliana delos Santos','1994-04-07','75 Mill Road, Newburn NE15 3AW',34),(492,'Maryam Morales','1946-08-02','38 James Street, Ashendon HP18 4DL',52),(493,'Milena Gjika','1963-06-22','72 Hill Street, Camberwell SE5 6TQ',59),(494,'Sofia Meyer','1946-05-26','70 Station Approach, Gilmorton LE17 8YQ',60),(495,'Theodore Chun','1945-05-30','19 The Avenue, Badby NN11 6BG',79),(496,'William Schuster','1991-02-17','29 King Street, Lytham Saint Annes FY8 4LY',83),(497,'Sonia Camilleri','1976-05-22','82 Rectory Lane, Northampton NN3 9GU',50),(498,'Isak Edry','1939-05-14','70 Church Lane, Hoo St Werburgh ME3 1ZQ',19),(499,'Lilit Bravo','1987-03-09','10 West Street, Burnhope DH8 6XJ',69),(500,'Mia Long','1961-08-03','44 North Road, Cotherstone DL12 7EZ',33),(501,'Luka Spiteri','1934-11-05','83 Sandy Lane, Grindon TS22 3FE',100),(502,'Monte Attard','1966-04-16','15 High Street, High Bickington EX37 5US',75),(503,'Ren Ahmed','1997-02-03','92 Duke Street, Bovey Tracey TQ13 6JL',28),(504,'Omar Pettersson','1975-11-28','42 Grove Road, Stocksfield NE43 3GG',7),(505,'George Sanjeewa','1995-11-01','83 Mill Lane, Darwen BB2 9BH',72),(506,'Elmar Martirosyan','1956-04-04','63 Church Road, Margate CT11 4AD',12),(507,'Liam Padilla','1988-05-29','43 Hill Street, Stoke St Mary TA3 2ZW',28),(508,'Jakov López','1980-07-22','82 The Orchard, Saltburn Marske and New Marske TS11 7RN',47),(509,'Lorenzo Gallagher','1967-08-11','88 York Road, Chipping Campden GL55 3PG',29),(510,'Sophia Perera','1982-12-13','17 Church Close, Rothwell LS26 8ET',32),(511,'Liam Hodžić','1948-03-05','68 Castle Street, Queensbury BD18 0HE',89),(512,'Noah Lîm','1934-11-19','82 Windsor Road, Kendal LA9 4WH',22),(513,'Jónas Klein','1958-12-23','88 George Street, Dover CT16 6BR',40),(514,'Mari Joe','1971-09-16','52 London Road, Shildon DL4 8JW',54),(515,'Alejandro Robles','1947-12-14','19 The Close, Redcar TS6 5GN',57),(516,'Chloe Dương','1977-02-17','13 Park Road, Shenley Church End MK5 4GX',21),(517,'Willow Chén','1980-01-16','24 The Paddock, Croydon SE25 8SW',92),(518,'Celine Rodríguez','1963-05-26','97 Church Close, Norton S13 0QQ',80),(519,'Nikola Bell','1993-11-05','98 Mill Street, Hexham NE46 5YH',34),(520,'Julia Kobayashi','1969-11-10','63 The Green, Hetton DH5 8TF',98),(521,'Liam Quispe','1992-12-11','8 Church Road, Paddington W1M 7HU',82),(522,'Sofi Herrera','1968-07-22','36 Station Approach, Canterbury CT5 8FH',78),(523,'Margarida Molina','1932-01-30','21 Chapel Street, Houghton-le-Spring SR4 2FB',69),(524,'Marti Tóth','1989-04-19','60 Duke Street, Elsdon NE19 8DH',98),(525,'Celeste Rojas','1941-01-20','17 Chestnut Avenue, Wickham and Dunston NE16 5BP',69),(526,'Noah Hasani','1959-03-16','60 Church Road, Hillingdon UB4 4WP',10),(527,'Mihail Markovski','1977-01-26','7 The Green, Mudford BA22 4AR',86),(528,'Lena Cooper','1986-08-01','42 Mill Road, Bristol BS8 4DZ',25),(529,'Ben Pereyra','1952-09-24','94 South Street, Carlisle CA3 9TA',72),(530,'Archie Torres','1979-06-15','96 The Green, Knaresborough HG5 8BL',89),(531,'Mia Yun','1929-01-18','73 Mill Lane, Richmond TW2 6QG',88),(532,'Mia Dimitrov','1966-06-28','88 Wood Lane, Lewisham SE6 2TJ',10),(533,'Naïm Eaw','1944-07-22','56 High Street, Halifax HX1 9XR',90),(534,'Dylan Subotić','1955-04-21','91 Main Road, Bexhill TN39 9ZN',70),(535,'Santiago Bùi','1997-01-30','81 Meadow Close, Oadby LE2 1HH',50),(536,'Mariam Phạm','2000-10-24','20 Station Road, Camberwell SE15 2AA',37),(537,'Leo Reyes','1977-10-02','29 Manor Road, Torquay TQ2 9RA',86),(538,'Hassan Figueiredo','1949-11-22','88 The Close, Doddiscombsleigh EX6 6PN',97),(539,'Ammar Chhetri','1982-07-08','98 The Avenue, Hillingdon TW6 3LP',37),(540,'Carlos Escobar','1930-08-30','52 Moor Lane, Addlestone KT15 0SD',78),(541,'Maximiliano Karimov','1971-02-20','64 Manor Road, Brampton CA8 6FT',5),(542,'Asta Horváth','1963-06-12','1 John Street, Berkhamsted HP4 0PW',93),(543,'Isla Roh','1980-12-30','86 Beech Avenue, Redditch B97 0TU',44),(544,'Dorothy Joo','1983-06-25','22 Grange Road, Whitchurch-on-Thames RG8 8NN',19),(545,'Carlos Ozols','1958-08-04','41 The Crescent, Balsham CB21 7EB',31),(546,'Gabor Popović','1966-07-23','1 Chestnut Close, Dalton-le-Dale SR7 7AH',85),(547,'Aurora Tiu','1946-01-08','58 St John\'s Road, Frodsham WA6 9JD',95),(548,'Carolina Karpin','1929-12-12','20 Hall Lane, Skegness PE25 6JZ',60),(549,'Juan Saitō','1950-02-15','86 The Croft, Hull HU1 6HW',55),(550,'Emilia Frei','1967-04-05','73 Mount Pleasant, Romford RM12 3XR',2),(551,'Emma Pizarro','1994-05-23','33 Station Approach, Eastleigh SO53 7HE',84),(552,'Ao Robles','1948-05-07','21 Mill Street, Ramsbottom BL0 8ZQ',45),(553,'Milena Allen','1996-07-14','65 Charles Street, Perranporth TR6 0TT',74),(554,'Nuray Brunner','1943-07-13','44 Brook Street, Saffron Walden CB10 7DZ',31),(555,'Alexandra U','1930-10-19','71 Park Street, Upton BH16 0ZA',68),(556,'Abdulla O\'Quinn','1939-01-27','11 Wood Street, Newport PO30 5TZ',13),(557,'Ali Kastrati','1947-10-03','91 North Road, Camelford PL32 0JZ',1),(558,'Maeva Vázquez','1998-11-01','33 Market Place, Kirkburton HD8 1RB',64),(559,'Maya Molnár','1991-06-30','22 Chapel Lane, Stanley DH9 2JT',99),(560,'Ammar Abdrahmanov','1947-12-29','40 Green Lane, Cleator Moor CA25 4TU',72),(561,'Josefa Đoàn','1996-06-01','27 Hill Street, Kilmersdon BA3 4QR',42),(562,'Hashem Iû','1959-01-05','96 William Street, Ightenhill BB12 1JR',83),(563,'Sofia Goo','1948-07-06','40 The Grove, Spratton NN6 7ZD',66),(564,'Levente Padilla','1929-01-03','95 Orchard Close, Norton S13 2AS',64),(565,'Davit Hoxha','1989-05-14','42 Park Avenue, Eltham SE18 3LT',92),(566,'Marti Lou','1991-08-09','76 The Croft, Harrogate HG2 9FZ',89),(567,'Min-jun Maldonado','1934-02-17','48 George Street, Aust BS35 6NW',58),(568,'Hassan Pavlovski','1931-08-19','12 Windsor Road, Bamburgh NE69 3EA',100),(569,'Mariam Huang','1954-03-24','81 Sandy Lane, Lcp Stanhope and Wolsingham Parishes And DL15 1FE',7),(570,'Niko Ross','2001-04-14','39 Grange Road, Belford NE70 7PB',54),(571,'Martin Martino','1999-07-16','52 Hall Lane, Lynton EX35 9RW',97),(572,'Usman Taylor','1958-08-03','14 James Street, Brackley NN13 3UE',66),(573,'Aadhya Torres','1954-03-18','89 Mill Lane, Upton BH16 7XN',74),(574,'Emma Novak','1967-10-09','22 Queensway, Pemberton WN4 2RG',46),(575,'Amelija Hysi','1996-07-09','63 New Street, Brent HA0 5BA',37),(576,'Lillie Kimura','1961-04-29','28 The Grove, Sedgefield TS21 4AH',57),(577,'Victoria Ryan','1960-05-30','27 Church Hill, Esh DH7 8LQ',85),(578,'Abdullah Petit','1947-01-24','37 Hall Lane, Saddleworth OL3 6PU',41),(579,'Malik Rusu','1996-05-27','5 Station Approach, Abbotsham EX39 0SN',63),(580,'Roghayyeh Sousa','1999-02-12','6 West Street, Copmanthorpe YO23 7TZ',20),(581,'Joel Rojas','1983-07-29','43 Manor Road, Thorne DN8 5FH',35),(582,'Mariami Kelmendi','1969-03-03','32 Highfield Road, Isles of Scilly TR23 8SY',29),(583,'Noah Berisha','2004-06-11','22 York Road, Morpeth NE61 0ZT',69),(584,'Dmitry Masuda','1948-08-05','29 Church Street, Stainton TS8 8BN',34),(585,'Ludovica Suzuki','1974-12-31','96 Moor Lane, Plympton PL7 9RW',74),(586,'Vasilisa Wright','1978-08-11','68 King Street, Huddersfield HD3 8QZ',32),(587,'Liam Wilson','1984-05-12','25 Alexandra Road, Millom LA18 6RH',73),(588,'George Rose','1991-12-21','83 Water Lane, Southall UB5 1ER',37),(589,'Alexandru Rodríguez','1966-10-08','77 Springfield Road, Wickham and Dunston NE11 2EW',99),(590,'Konstantinos Joy','1950-11-29','58 Queen Street, Haxey DN9 4XD',90),(591,'Stanisław Mohamed','1947-10-02','89 Market Street, Barking RM9 2DZ',88),(592,'Mia Waqa','1979-02-26','29 Duke Street, Hyton L36 7UF',15),(593,'George Morales','1972-12-02','90 South Street, Abbotsham EX39 8QY',28),(594,'Melissa Chim','1952-10-12','78 Church Close, Blunsdon St Andrew SN26 9BH',42),(595,'Sofie Popov','2003-04-18','59 Water Lane, Roundway SN10 9DG',42),(596,'Julia Silva','2002-10-20','11 Mount Pleasant, Bradford-on-Avon BA15 7GU',68),(597,'Aron Tanaka','1988-11-20','93 Moor Lane, Colnbrook with Poyle SL1 8RZ',21),(598,'Isabella Jiménez','1959-07-05','3 Orchard Close, Norton S11 9WE',55),(599,'Emma del Rosario','2004-10-09','36 Back Lane, St Columb Major TR9 8FG',68),(600,'Damian Gutiérrez','1981-02-16','11 Albert Street, Scarborough YO12 3QT',6);
/*!40000 ALTER TABLE `patients` ENABLE KEYS */;
UNLOCK TABLES;

--
-- Table structure for table `prescriptions`
--

DROP TABLE IF EXISTS `prescriptions`;
/*!40101 SET @saved_cs_client     = @@character_set_client */;
/*!50503 SET character_set_client = utf8mb4 */;
CREATE TABLE `prescriptions` (
  `prescription_id` int NOT NULL,
  `prescription_date` date DEFAULT NULL,
  `medication_id` int DEFAULT NULL,
  `patient_id` int DEFAULT NULL,
  `doctor_id` int DEFAULT NULL,
  PRIMARY KEY (`prescription_id`),
  KEY `medication_id` (`medication_id`),
  KEY `patient_id` (`patient_id`),
  KEY `doctor_id` (`doctor_id`),
  CONSTRAINT `prescriptions_ibfk_1` FOREIGN KEY (`medication_id`) REFERENCES `medications` (`medication_id`),
  CONSTRAINT `prescriptions_ibfk_2` FOREIGN KEY (`patient_id`) REFERENCES `patients` (`patient_id`),
  CONSTRAINT `prescriptions_ibfk_3` FOREIGN KEY (`doctor_id`) REFERENCES `doctors` (`doctor_id`)
) ENGINE=InnoDB DEFAULT CHARSET=utf8mb4 COLLATE=utf8mb4_0900_ai_ci;
/*!40101 SET character_set_client = @saved_cs_client */;

--
-- Dumping data for table `prescriptions`
--

LOCK TABLES `prescriptions` WRITE;
/*!40000 ALTER TABLE `prescriptions` DISABLE KEYS */;
INSERT INTO `prescriptions` VALUES (1,'2025-04-28',44,280,47),(2,'2024-04-21',49,421,66),(3,'2025-06-16',190,418,28),(4,'2024-04-13',83,446,8),(5,'2025-08-13',113,211,99),(6,'2025-10-30',183,14,35),(7,'2024-03-24',67,184,73),(8,'2025-10-19',157,474,69),(9,'2024-04-22',219,450,72),(10,'2025-02-26',31,128,45),(11,'2024-10-17',192,558,30),(12,'2025-10-13',255,146,17),(13,'2024-10-12',133,57,88),(14,'2024-11-25',160,435,23),(15,'2025-10-29',47,245,51),(16,'2025-10-28',157,519,54),(17,'2025-04-12',119,115,77),(18,'2024-08-24',153,515,69),(19,'2025-11-16',85,398,50),(20,'2025-11-27',134,219,10),(21,'2025-03-29',32,375,9),(22,'2024-05-20',129,328,81),(23,'2025-10-02',113,221,72),(24,'2024-06-26',120,281,81),(25,'2025-11-21',239,386,42),(26,'2024-09-04',89,393,46),(27,'2025-01-18',154,118,54),(28,'2025-10-11',86,271,100),(29,'2025-02-09',19,576,100),(30,'2025-01-21',209,531,10),(31,'2024-01-06',73,278,2),(32,'2025-10-14',220,154,58),(33,'2024-07-09',181,382,45),(34,'2025-08-07',263,318,8),(35,'2024-03-04',5,246,65),(36,'2025-10-31',201,275,79),(37,'2024-08-20',231,412,10),(38,'2024-03-04',231,560,5),(39,'2025-03-09',150,530,67),(40,'2025-03-25',258,468,62),(41,'2024-09-13',257,585,63),(42,'2025-09-11',30,293,9),(43,'2025-09-16',165,485,99),(44,'2025-05-18',136,319,75),(45,'2025-10-16',5,293,33),(46,'2024-05-21',267,329,70),(47,'2024-08-12',20,126,23),(48,'2025-08-29',2,273,48),(49,'2025-05-09',249,354,96),(50,'2024-08-22',229,522,78),(51,'2025-09-01',38,261,75),(52,'2024-03-18',7,72,60),(53,'2024-04-18',29,566,80),(54,'2024-08-20',214,399,9),(55,'2024-12-05',237,37,99),(56,'2025-07-28',226,188,8),(57,'2024-01-26',174,289,4),(58,'2024-05-15',54,92,49),(59,'2024-03-16',261,451,58),(60,'2025-09-06',124,324,20),(61,'2025-07-19',213,111,36),(62,'2025-06-21',15,515,100),(63,'2024-05-19',49,526,10),(64,'2025-02-16',214,242,31),(65,'2024-04-22',153,22,21),(66,'2024-04-23',171,392,63),(67,'2025-07-01',167,410,11),(68,'2025-06-09',13,423,70),(69,'2024-10-22',66,203,30),(70,'2025-05-12',215,139,52),(71,'2025-09-08',241,170,62),(72,'2025-04-19',91,521,37),(73,'2025-06-11',66,248,89),(74,'2025-09-24',215,523,47),(75,'2025-11-15',29,169,55),(76,'2024-06-03',254,281,55),(77,'2025-09-07',174,579,62),(78,'2024-10-30',43,355,57),(79,'2025-04-12',149,525,9),(80,'2025-07-20',46,209,69),(81,'2025-11-14',46,442,9),(82,'2025-11-15',168,599,62),(83,'2024-08-13',19,522,18),(84,'2024-07-11',246,94,24),(85,'2024-04-29',178,406,2),(86,'2024-08-25',243,248,6),(87,'2025-11-01',117,8,91),(88,'2024-10-16',82,159,5),(89,'2024-01-28',125,86,98),(90,'2024-01-20',11,565,92),(91,'2025-05-17',78,562,48),(92,'2025-02-04',44,52,4),(93,'2024-09-05',88,488,55),(94,'2024-08-31',114,429,20),(95,'2024-06-13',197,158,12),(96,'2025-11-29',48,355,57),(97,'2024-05-23',25,502,68),(98,'2025-10-22',114,524,69),(99,'2025-07-09',141,541,17),(100,'2025-10-04',163,236,41),(101,'2025-01-09',138,317,40),(102,'2024-07-17',57,15,26),(103,'2024-09-20',197,510,89),(104,'2024-11-26',207,367,80),(105,'2024-04-03',20,47,58),(106,'2024-09-13',100,238,59),(107,'2025-09-24',114,455,35),(108,'2024-11-04',94,200,12),(109,'2025-05-30',216,484,25),(110,'2025-06-25',184,63,62),(111,'2025-05-31',20,243,2),(112,'2025-07-21',133,184,22),(113,'2024-10-21',37,281,81),(114,'2025-09-24',30,534,18),(115,'2025-08-08',234,191,12),(116,'2024-07-26',184,552,51),(117,'2024-10-12',13,338,86),(118,'2025-01-18',99,522,78),(119,'2024-06-26',60,510,30),(120,'2025-07-13',155,127,29),(121,'2025-10-07',162,134,3),(122,'2024-04-21',35,154,97),(123,'2024-01-10',15,493,37),(124,'2025-07-29',50,549,61),(125,'2025-06-24',210,536,2),(126,'2025-11-17',263,104,88),(127,'2025-01-13',111,434,8),(128,'2024-06-28',78,64,20),(129,'2025-06-28',240,348,40),(130,'2025-08-28',114,230,22),(131,'2025-09-28',14,395,51),(132,'2024-07-20',239,104,88),(133,'2024-01-03',83,492,84),(134,'2024-04-10',72,136,16),(135,'2024-03-25',227,181,18),(136,'2025-05-31',221,139,52),(137,'2025-10-19',113,399,100),(138,'2024-09-26',32,21,89),(139,'2024-05-05',265,98,96),(140,'2024-12-08',99,184,43),(141,'2025-05-22',38,297,35),(142,'2024-07-15',106,43,30),(143,'2025-06-20',4,567,77),(144,'2024-02-24',7,416,23),(145,'2024-09-01',76,270,8),(146,'2024-03-13',144,90,87),(147,'2024-12-12',193,131,37),(148,'2025-06-03',145,276,49),(149,'2024-10-20',88,216,44),(150,'2024-09-29',82,1,41),(151,'2024-03-24',128,411,79),(152,'2025-08-02',141,36,69),(153,'2025-07-30',234,453,18),(154,'2024-09-17',191,306,87),(155,'2024-06-29',147,144,37),(156,'2025-11-13',188,591,88),(157,'2024-01-24',91,8,11),(158,'2025-09-17',128,564,65),(159,'2025-10-10',26,250,78),(160,'2025-02-13',98,524,9),(161,'2025-05-30',204,251,72),(162,'2025-07-24',121,168,18),(163,'2025-01-06',244,259,12),(164,'2025-09-08',15,209,7),(165,'2024-04-14',190,117,85),(166,'2024-02-12',115,525,9),(167,'2025-06-15',34,469,27),(168,'2025-09-13',20,201,16),(169,'2025-11-25',254,62,32),(170,'2025-08-17',133,218,5),(171,'2025-06-12',86,340,16),(172,'2025-08-03',18,498,19),(173,'2025-11-18',101,537,74),(174,'2025-06-05',202,514,57),(175,'2025-05-27',72,225,87),(176,'2025-08-07',85,8,42),(177,'2024-08-21',101,435,44),(178,'2024-05-13',52,211,100),(179,'2025-01-21',144,260,70),(180,'2025-08-13',250,82,35),(181,'2025-09-13',67,506,13),(182,'2024-02-12',15,443,81),(183,'2025-06-07',63,259,78),(184,'2025-10-02',143,548,76),(185,'2025-08-28',92,454,97),(186,'2025-08-11',27,504,36),(187,'2025-11-08',169,124,49),(188,'2024-10-31',50,212,3),(189,'2024-02-22',146,402,27),(190,'2025-09-24',177,102,37),(191,'2024-04-08',85,55,15),(192,'2024-05-13',132,522,12),(193,'2025-03-15',68,66,93),(194,'2024-06-30',165,439,84),(195,'2025-06-03',118,86,33),(196,'2024-05-07',121,372,84),(197,'2025-03-02',74,25,48),(198,'2025-08-26',258,526,53),(199,'2025-09-20',172,62,90),(200,'2024-01-24',259,27,78),(201,'2024-09-19',121,387,99),(202,'2024-12-31',152,463,98),(203,'2025-08-08',238,390,70),(204,'2024-04-04',52,484,28),(205,'2025-05-15',53,384,61),(206,'2025-04-29',193,420,43),(207,'2025-03-11',177,599,68),(208,'2024-11-14',63,514,4),(209,'2025-03-23',212,522,12),(210,'2024-07-23',262,237,69),(211,'2024-03-18',253,589,14),(212,'2025-07-15',248,67,60),(213,'2024-06-25',124,104,53),(214,'2025-07-27',37,569,100),(215,'2024-11-21',176,140,43),(216,'2025-10-18',254,160,34),(217,'2025-10-22',250,197,83),(218,'2025-01-07',98,491,99),(219,'2025-11-13',46,412,10),(220,'2024-10-02',16,496,38),(221,'2025-07-15',178,396,50),(222,'2025-04-11',49,322,80),(223,'2025-02-14',72,457,62),(224,'2024-07-16',4,230,38),(225,'2025-02-24',243,52,100),(226,'2024-01-10',21,35,96),(227,'2025-03-16',171,426,89),(228,'2025-07-20',190,291,82),(229,'2024-09-21',209,357,52),(230,'2024-02-25',222,138,42),(231,'2024-02-14',238,75,68),(232,'2024-04-13',139,230,87),(233,'2024-09-10',190,305,73),(234,'2025-06-01',208,588,2),(235,'2025-10-05',82,418,58),(236,'2024-04-04',30,145,62),(237,'2025-05-27',183,226,39),(238,'2025-05-02',63,136,44),(239,'2024-08-23',203,188,75),(240,'2025-04-15',200,273,72),(241,'2024-02-27',255,439,12),(242,'2025-05-18',127,209,7),(243,'2025-08-22',256,421,60),(244,'2024-05-31',24,512,48),(245,'2024-07-24',168,85,81),(246,'2024-01-25',161,300,29),(247,'2024-11-11',155,314,68),(248,'2024-10-09',216,193,25),(249,'2025-07-08',184,86,34),(250,'2024-01-15',154,353,98),(251,'2025-01-16',93,361,85),(252,'2024-10-13',244,12,43),(253,'2024-09-30',1,60,79),(254,'2024-02-06',122,417,2),(255,'2024-01-05',244,511,65),(256,'2024-01-28',38,328,65),(257,'2025-09-24',158,150,49),(258,'2024-05-27',108,262,14),(259,'2025-05-31',77,489,66),(260,'2025-02-19',63,334,14),(261,'2025-09-12',19,207,74),(262,'2024-12-25',62,591,53),(263,'2024-01-12',184,269,14),(264,'2024-02-25',25,355,85),(265,'2025-11-07',266,391,22),(266,'2024-07-23',139,94,31),(267,'2025-03-07',144,394,54),(268,'2024-07-26',175,314,42),(269,'2025-11-29',96,570,54),(270,'2024-09-22',142,485,4),(271,'2024-11-23',147,197,46),(272,'2024-10-11',247,118,100),(273,'2025-02-16',153,194,49),(274,'2024-03-29',231,236,41),(275,'2024-06-10',22,168,52),(276,'2025-04-24',115,458,73),(277,'2025-11-21',15,304,12),(278,'2025-04-16',7,562,38),(279,'2025-01-30',170,437,89),(280,'2025-11-24',153,322,61),(281,'2024-05-27',48,137,52),(282,'2025-11-10',205,593,11),(283,'2025-04-17',48,64,65),(284,'2024-12-01',29,596,75),(285,'2024-05-05',22,307,23),(286,'2025-07-30',52,103,81),(287,'2024-01-07',95,155,79),(288,'2024-11-01',257,272,66),(289,'2025-02-18',205,405,4),(290,'2025-01-08',221,41,71),(291,'2024-07-08',172,374,92),(292,'2025-11-03',47,403,10),(293,'2025-07-03',214,578,73),(294,'2025-02-20',30,456,23),(295,'2024-10-29',236,105,14),(296,'2024-02-08',40,48,21),(297,'2025-06-29',48,397,42),(298,'2025-11-06',97,222,11),(299,'2025-09-01',6,193,1),(300,'2024-10-27',215,163,28),(301,'2024-06-18',64,211,49),(302,'2025-06-20',229,510,80),(303,'2025-10-09',202,52,4),(304,'2024-06-27',243,111,4),(305,'2025-01-25',125,223,23),(306,'2025-10-06',35,359,78),(307,'2025-06-21',169,592,87),(308,'2024-07-29',41,294,78),(309,'2025-06-02',35,370,20),(310,'2024-01-28',22,17,92),(311,'2024-03-17',171,481,36),(312,'2025-05-14',186,286,7),(313,'2024-06-21',58,477,26),(314,'2025-09-13',249,417,88),(315,'2025-01-10',29,324,30),(316,'2025-01-29',69,201,16),(317,'2024-08-12',90,293,36),(318,'2024-09-11',141,6,20),(319,'2025-10-04',222,300,62),(320,'2024-06-02',146,142,36),(321,'2025-05-24',171,253,56),(322,'2025-01-28',103,411,66),(323,'2024-06-07',38,255,75),(324,'2024-11-18',154,104,92),(325,'2024-06-16',149,164,54),(326,'2025-05-17',193,560,48),(327,'2024-02-09',30,501,7),(328,'2025-11-02',235,474,47),(329,'2024-06-14',109,158,21),(330,'2024-10-01',18,388,1),(331,'2025-03-22',86,271,4),(332,'2025-03-04',256,456,23),(333,'2025-01-14',50,350,25),(334,'2025-09-21',169,362,44),(335,'2025-07-18',12,153,82),(336,'2024-02-09',17,587,95),(337,'2025-03-17',98,414,72),(338,'2025-06-08',40,569,9),(339,'2024-06-30',39,181,84),(340,'2024-01-18',114,386,42),(341,'2025-08-15',99,264,85),(342,'2024-12-02',120,284,70),(343,'2024-11-10',144,169,89),(344,'2024-04-09',136,426,32),(345,'2025-02-04',134,19,77),(346,'2024-10-27',258,16,44),(347,'2025-01-15',12,572,66),(348,'2025-03-03',116,533,55),(349,'2025-08-26',18,496,43),(350,'2025-05-24',146,239,78),(351,'2024-07-19',107,321,60),(352,'2025-03-16',110,174,62),(353,'2024-09-03',235,72,76),(354,'2024-08-11',107,249,26),(355,'2024-06-22',240,297,89),(356,'2025-03-02',160,443,35),(357,'2025-07-28',67,220,11),(358,'2025-01-29',135,273,95),(359,'2024-12-14',186,56,73),(360,'2025-07-05',170,213,33),(361,'2024-04-07',152,346,16),(362,'2024-04-20',189,243,59),(363,'2024-10-25',95,58,95),(364,'2024-10-27',153,318,75),(365,'2025-05-12',40,420,87),(366,'2025-08-31',71,248,27),(367,'2024-01-12',262,464,81),(368,'2024-04-03',1,513,84),(369,'2024-02-07',247,258,73),(370,'2025-11-19',267,495,50),(371,'2025-04-15',63,244,16),(372,'2024-08-29',190,168,18),(373,'2025-07-07',19,466,79),(374,'2025-02-06',16,570,4),(375,'2025-01-26',58,394,57),(376,'2024-03-27',117,348,21),(377,'2025-10-14',70,518,67),(378,'2024-05-14',116,583,9),(379,'2024-10-11',73,318,11),(380,'2025-08-12',144,168,96),(381,'2024-12-26',191,336,75),(382,'2025-02-11',189,339,51),(383,'2025-10-28',86,540,70),(384,'2025-07-31',263,303,81),(385,'2025-06-16',249,296,3),(386,'2025-07-20',68,582,77),(387,'2024-10-06',266,431,7),(388,'2025-08-23',133,36,34),(389,'2024-03-01',65,497,79),(390,'2025-06-11',186,192,70),(391,'2024-10-06',126,29,22),(392,'2024-05-03',100,24,68),(393,'2025-09-23',147,556,19),(394,'2025-01-26',247,137,13),(395,'2024-10-31',81,76,99),(396,'2024-11-30',192,168,70),(397,'2024-08-08',135,236,72),(398,'2025-04-14',206,329,70),(399,'2025-02-01',184,175,11),(400,'2025-10-23',1,321,50),(401,'2025-03-27',91,291,88),(402,'2025-09-10',108,212,5),(403,'2024-02-05',192,42,2),(404,'2024-10-03',38,492,13),(405,'2024-05-19',138,499,33),(406,'2025-01-09',212,37,4),(407,'2025-01-25',93,308,23),(408,'2024-11-20',176,386,86),(409,'2024-12-26',53,18,64),(410,'2025-01-26',37,15,89),(411,'2025-11-11',46,348,18),(412,'2025-01-26',192,279,44),(413,'2024-12-30',184,580,90),(414,'2024-03-05',103,7,61),(415,'2024-08-21',225,96,17),(416,'2024-11-30',66,200,52),(417,'2024-03-07',150,10,86),(418,'2024-06-28',138,283,67),(419,'2025-11-19',256,272,60),(420,'2025-10-15',96,298,25),(421,'2024-08-28',235,136,44),(422,'2025-04-29',146,308,16),(423,'2024-12-01',180,339,72),(424,'2024-02-23',182,180,2),(425,'2025-02-21',141,589,98),(426,'2024-01-10',61,481,36),(427,'2024-12-09',168,131,82),(428,'2024-03-30',151,119,63),(429,'2024-12-11',158,246,6),(430,'2024-02-15',207,285,1),(431,'2024-02-06',245,464,65),(432,'2024-12-08',24,298,62),(433,'2025-03-21',64,510,27),(434,'2024-02-05',24,461,15),(435,'2024-08-29',100,26,8),(436,'2024-12-24',208,343,99),(437,'2024-04-20',262,351,53),(438,'2024-05-31',199,532,53),(439,'2024-12-15',195,131,2),(440,'2025-07-28',183,551,70),(441,'2024-10-21',33,148,25),(442,'2025-07-07',91,264,54),(443,'2024-02-25',157,497,60),(444,'2025-05-15',214,22,78),(445,'2025-10-01',155,381,51),(446,'2025-06-22',71,113,63),(447,'2025-10-30',114,88,96),(448,'2024-05-29',242,20,26),(449,'2024-03-10',22,324,81),(450,'2024-01-23',152,215,88),(451,'2025-03-27',184,372,19),(452,'2025-09-20',39,498,18),(453,'2025-03-26',189,185,16),(454,'2024-02-09',62,313,100),(455,'2025-05-24',19,544,78),(456,'2025-09-15',143,319,28),(457,'2024-10-23',82,528,63),(458,'2024-06-04',9,571,86),(459,'2024-07-01',96,571,25),(460,'2024-10-30',113,500,54),(461,'2024-01-18',192,16,23),(462,'2024-02-20',220,143,64),(463,'2024-06-08',109,582,91),(464,'2024-12-28',21,593,42),(465,'2024-03-22',168,4,77),(466,'2025-03-09',105,145,77),(467,'2024-08-06',11,517,53),(468,'2024-06-26',268,47,68),(469,'2024-12-06',233,589,14),(470,'2025-04-20',150,312,38),(471,'2025-08-07',151,555,28),(472,'2024-12-20',44,571,63),(473,'2025-04-14',121,59,86),(474,'2025-06-20',128,452,91),(475,'2025-07-03',221,428,67),(476,'2025-07-17',67,351,37),(477,'2024-05-17',181,267,73),(478,'2024-11-10',168,290,39),(479,'2025-06-28',11,354,78),(480,'2025-03-13',115,162,25),(481,'2024-03-11',163,5,97),(482,'2025-07-27',209,360,37),(483,'2025-08-02',140,141,44),(484,'2024-05-04',257,340,44),(485,'2025-04-30',73,44,34),(486,'2025-07-25',257,596,86),(487,'2025-01-10',129,3,83),(488,'2024-08-09',1,250,40),(489,'2025-03-14',104,599,91),(490,'2025-05-02',29,51,35),(491,'2024-06-17',228,34,54),(492,'2025-10-07',59,16,16),(493,'2024-09-19',166,215,53),(494,'2024-08-16',199,132,61),(495,'2025-07-09',33,492,18),(496,'2025-07-01',80,163,71),(497,'2024-06-05',132,455,89),(498,'2024-05-28',184,364,24),(499,'2024-02-10',200,559,34),(500,'2024-07-07',268,182,74);
/*!40000 ALTER TABLE `prescriptions` ENABLE KEYS */;
UNLOCK TABLES;
/*!40103 SET TIME_ZONE=@OLD_TIME_ZONE */;

/*!40101 SET SQL_MODE=@OLD_SQL_MODE */;
/*!40014 SET FOREIGN_KEY_CHECKS=@OLD_FOREIGN_KEY_CHECKS */;
/*!40014 SET UNIQUE_CHECKS=@OLD_UNIQUE_CHECKS */;
/*!40101 SET CHARACTER_SET_CLIENT=@OLD_CHARACTER_SET_CLIENT */;
/*!40101 SET CHARACTER_SET_RESULTS=@OLD_CHARACTER_SET_RESULTS */;
/*!40101 SET COLLATION_CONNECTION=@OLD_COLLATION_CONNECTION */;
/*!40111 SET SQL_NOTES=@OLD_SQL_NOTES */;

-- Dump completed on 2025-11-30 15:30:06
